company_name,page_name,product
AXA,geschaeftskunden_kautionsversicherung.html,yes
AXA,presse_mediathek_dossiers.html,no
AXA,pk_haftpflicht.html,yes
AXA,site_axa-de_get_documents_E-1395595287_axade_medien_medien_axa-social-media_gewinnspiel-teilnahmebedingungen-social-media-axa-konzern-ag.pdf.html,no
AXA,pk_existenzsicherung_p_unfallversicherung.html,yes
AXA,.html,no
AXA,pk_kfz_p_oldtimer-versicherung.html,yes
AXA,presse_mediathek_studien-und-forschung_mental-health-report-2023.html,no
AXA,geschaeftskunden_services-fuer-geschaeftskunden.html,no
AXA,pk_existenzsicherung.html,no
AXA,form_karriere_AKTIONSCODE%3D14015D.html,no
AXA,pk_existenzsicherung_p_risikolebensversicherung.html,yes
AXA,pk_existenzsicherung_p_existenzschutzversicherung.html,yes
AXA,pk_gesundheit_p_private-krankenversicherung.html,yes
AXA,geschaeftskunden_gastronomie.html,no
AXA,karriere_erfahrungsbericht-stipendiatin-diversity.html,no
AXA,versicherungslexikon.html,no
AXA,pk_haus-wohnung_p_baufinanzierung.html,yes
AXA,home.html,no
AXA,karriere_ausbildung-duales-studium_duales-studium-bachelor-risk-insurance.html,no
AXA,pk_gesundheit_s_pflegewelt.html,no
AXA,pk_haftpflicht_p_verkehrsrechtsschutz.html,yes
AXA,pk_gesundheit_p_ambulante-zusatzversicherung.html,yes
AXA,kontakt_formulare-download.html,no
AXA,geschaeftskunden_mitarbeiterabsicherung.html,yes
AXA,karriere.html,no
AXA,karriere_erfahrungsberichte-mitarbeitende.html,no
AXA,presse_mediathek_studien-und-forschung_future-risks-report-2023.html,no
AXA,pk_gesundheit_s_pkv-privatpatient-leitfaden.html,no
AXA,geschaeftskunden_kontakt-buergschaft-kaution.html,no
AXA,presse_mediathek_studien-und-forschung_mental-health-report-2022.html,no
AXA,presse_mediathek_studien-und-forschung.html,no
AXA,presse_mediathek_audio.html,no
AXA,geschaeftskunden_landwirtschaft.html,no
AXA,pk_kfz_p_e-scooter-versicherung.html,yes
AXA,geschaeftskunden_bauleistungsversicherung.html,yes
AXA,wir-ueber-uns_daten-und-publikationen.html,no
AXA,pk_gesundheit.html,no
AXA,geschaeftskunden_autoinhaltsversicherung.html,yes
AXA,kontakt_beschwerdemanagement.html,no
AXA,geschaeftskunden_inhaltsversicherung.html,yes
AXA,schadenservice-360_schadenmeldung.html,no
AXA,pk_kfz_p_motorradversicherung.html,yes
AXA,pk_gesundheit_r_ratgeber-gesund-leben.html,no
AXA,geschaeftskunden_veranstalterhaftpflichtversicherung.html,yes
AXA,karriere_praktikum-studenten.html,no
AXA,pk_existenzsicherung_p_berufsunfaehigkeitsversicherung.html,yes
AXA,geschaeftskunden_verkehrshaftungsversicherung.html,yes
AXA,site_axa-de_redirect_MyAxaLogin_AKTIONSCODE%3D14015D.html,no
AXA,pk_kfz_p_lieferwagen-versicherung.html,yes
AXA,pk_gesundheit_s_gesundheitsservice.html,no
AXA,karriere_erfahrungsbericht-finance.html,no
AXA,altersvorsorge-ratgeber.html,no
AXA,wir-ueber-uns_nachhaltigkeit_corporate-social-responsibility.html,no
AXA,geschaeftskunden_betriebliche-altersversorgung.html,yes
AXA,karriere_jobs-consulting-strategie.html,no
AXA,wir-ueber-uns_gesellschaften.html,no
AXA,geschaeftskunden_maschinenversicherung.html,yes
AXA,geschaeftskunden_industrie-haftpflichtversicherung.html,yes
AXA,presse.html,no
AXA,axa-social-media.html,no
AXA,pk_gesundheit_p_krankenhauszusatzversicherung.html,yes
AXA,pk_haftpflicht_p_tierhalter-haftpflicht.html,yes
AXA,pk_haus-wohnung_p_elementarversicherung.html,yes
AXA,geschaeftskunden_it-unternehmen.html,no
AXA,karriere_jobs-finance.html,no
AXA,geschaeftskunden_betriebliche-krankenversicherung.html,yes
AXA,geschaeftskunden_ertragsausfallversicherung.html,yes
AXA,karriere_kontakt-recruiter.html,no
AXA,presse_mediathek_bilder.html,no
AXA,geschaeftskunden_betriebliche-gruppenunfallversicherung.html,yes
AXA,karriere_unternehmenskultur.html,no
AXA,wir-ueber-uns_nachhaltigkeit_von-herz-zu-herz.html,no
AXA,geschaeftskunden_montageversicherung.html,yes
AXA,geschaeftskunden_finanzierungsloesungen_factoring.html,yes
AXA,wir-ueber-uns_nachhaltigkeit_nachhaltigkeit-versicherungsgeschaeft.html,no
AXA,karriere_ausbildung-duales-studium_duales-studium-bachelor-informatik.html,no
AXA,karriere_mitarbeitervorteile.html,no
AXA,wir-ueber-uns_auszeichnungen.html,no
AXA,pk_kfz_r_kfz-ratgeber.html,no
AXA,geschaeftskunden_cyber-versicherung.html,yes
AXA,geschaeftskunden_vertrauensschadenversicherung.html,yes
AXA,pk_haus-wohnung_p_bausparvertrag.html,yes
AXA,karriere_executive-assistant.html,no
AXA,pk_haus-wohnung_r_haus-wohnung-ratgeber.html,no
AXA,karriere_ausbildung-duales-studium_ausbildung-kaufmann-digitalisierungsmanagement.html,no
AXA,freundewerben.html,no
AXA,kontakt_adressen.html,no
AXA,nutzungshinweise.html,no
AXA,wir-ueber-uns_nachhaltigkeit_kunstsammlung.html,no
AXA,karriere_jobs-data.html,no
AXA,karriere_ausbildung-duales-studium_ausbildung-kaufmann-versicherungen-finanzen.html,no
AXA,karriere_duale-karriere-im-para-sport.html,no
AXA,geschaeftskunden_zusatzinformationen-buergschaft-kaution.html,no
AXA,pk_gesundheit_s_symptom-check.html,no
AXA,pk_haus-wohnung_p_gebaeudeversicherung.html,yes
AXA,karriere_onboarding-neuer-mitarbeiter.html,no
AXA,pk_gesundheit_r_pflegeratgeber.html,no
AXA,pk_existenzsicherung_r_existenzsicherung-ratgeber.html,no
AXA,wir-ueber-uns_nachhaltigkeit_umweltschutz.html,no
AXA,karriere_bock-auf-neues.html,no
AXA,pk_kfz_s_schadenservice-auto.html,no
AXA,pk_haus-wohnung.html,no
AXA,pk_kfz_p_roller-versicherung.html,yes
AXA,site_axade_redirect_Selfservice-Kontakt_AKTIONSCODE%3D14015D.html,no
AXA,kontakt_servicenummern.html,no
AXA,karriere_erfahrungsbericht-onboarding-praktikantin.html,no
AXA,pk_gesundheit_s_online-arzt.html,no
AXA,pk_altersvorsorge_geldanlage.html,yes
AXA,presse_pressemitteilungen-2024.html,no
AXA,karriere_jobs-it.html,no
AXA,geschaeftskunden_waldversicherung.html,yes
AXA,geschaeftskunden.html,no
AXA,geschaeftskunden_internationale-krankenversicherung.html,yes
AXA,site_axade_redirect_Selfservice-Kontakt.html,no
AXA,karriere_erfahrungsbericht-data-management.html,no
AXA,wir-ueber-uns_nachhaltigkeit_umgang-mit-personenbezogenen-daten.html,no
AXA,geschaeftskunden_finanzierungsloesungen_firmenleasing.html,yes
AXA,karriere_ausbildung-aussendienst.html,no
AXA,geschaeftskunden_elektronikversicherung.html,yes
AXA,impressum.html,no
AXA,karriere_karrieremesse-events.html,no
AXA,service-apps.html,no
AXA,pk_gesundheit_p_krankentagegeld-versicherung.html,yes
AXA,presse_neue-leitung-vertriebsressort.html,no
AXA,pk_haftpflicht_p_haus-grundbesitzerhaftpflicht.html,yes
AXA,pk_haftpflicht_p_private-haftpflichtversicherung.html,yes
AXA,wir-ueber-uns_historie-und-fakten.html,no
AXA,geschaeftskunden_bau.html,no
AXA,geschaeftskunden_industrie-sachversicherung.html,yes
AXA,pk_gesundheit_p_reiseversicherung.html,yes
AXA,pk_haus-wohnung_s_schadenservice-haus.html,no
AXA,presse_verzinsung-lebensversicherung-2025.html,no
AXA,presse_pressemitteilungen-2023.html,no
AXA,presse_pm-axa-partner-uefa-womens-euro-2025.html,no
AXA,wir-ueber-uns_konzernvorstand-und-aufsichtsrat.html,no
AXA,abloesung-mgs-durch-myaxa.html,no
AXA,geschaeftskunden_transportversicherung.html,yes
AXA,pk_haftpflicht_p_bauherrenhaftpflicht.html,yes
AXA,pk_gesundheit_p_auslandskrankenversicherung.html,yes
AXA,pk_haus-wohnung_p_hausratversicherung.html,yes
AXA,karriere_diversity-inclusion.html,no
AXA,pk_altersvorsorge_p_vermoegenswirksame-leistungen.html,yes
AXA,karriere_vertriebskarriere.html,no
AXA,pk_kfz_p_elektroauto-versicherung.html,yes
AXA,wir-ueber-uns_weltweit.html,no
AXA,pk_gesundheit_p_pflegezusatzversicherung.html,yes
AXA,wir-ueber-uns_auszeichnungen_kundenfeedback.html,no
AXA,wir-ueber-uns_corporate-governance.html,no
AXA,geschaeftskunden_vermoegensschadenhaftpflicht.html,yes
AXA,vertriebspartner.html,no
AXA,site_axa-de_get_documents_E-1511147583_axade_medien_ueber axa_wir-ueber-uns_beteiligungsstruktur-axa-konzern.pdf.html,no
AXA,wir-ueber-uns.html,no
AXA,tarif-und-angebotsuebersicht.html,no
AXA,geschaeftskunden_berufshaftpflicht.html,yes
AXA,medien.html,no
AXA,karriere_trainee.html,no
AXA,kontakt.html,no
AXA,pk_kfz.html,no
AXA,pk_altersvorsorge.html,yes
AXA,site_axa-de_get_documents_E-1094684217_axade_medien_geschaeftskunden_branchen_uebersicht- branchen_broschuere-geschaeftskunden-branchen.pdf.html,no
AXA,karriere_new-way-of-working.html,no
AXA,geschaeftskunden_rechtsschutzversicherung.html,yes
AXA,wir-ueber-uns_nachhaltigkeit.html,no
AXA,karriere_bewerbungstipps.html,no
AXA,datenschutz.html,no
AXA,geschaeftskunden_it-haftpflicht.html,yes
AXA,wir-ueber-uns_auszeichnungen_tests-produkte-und-services.html,no
AXA,pk_haftpflicht_p_gewaesserschadenhaftpflicht.html,yes
AXA,presse_mediathek_daten-und-fakten.html,no
AXA,karriere_stellenboerse-axa.html,no
AXA,pk_haftpflicht_r_haftpflichtversicherung-ratgeber.html,no
AXA,geschaeftskunden_betriebshaftpflicht.html,yes
AXA,geschaeftskunden_kfz-flottenversicherung.html,yes
AXA,geschaeftskunden_betriebsschliessungsversicherung.html,yes
AXA,pk_altersvorsorge_p_betriebliche-altersvorsorge.html,yes
AXA,pk_altersvorsorge_p_private-rentenversicherung.html,yes
AXA,geschaeftskunden_betriebsgebaeudeversicherung.html,yes
AXA,wir-ueber-uns_nachhaltigkeit_nachhaltige-kapitalanlage.html,no
AXA,myaxa-kundenportal.html,no
AXA,karriere_entwicklungsperspektiven.html,no
AXA,pk_kfz_p_kfz-versicherung.html,yes
AXA,pk_gesundheit_r_ratgeber-krankenversicherung.html,no
AXA,karriere_bewerbung-faq.html,no
AXA,geschaeftskunden_praxisausfallversicherung.html,yes
AXA,pk_existenzsicherung_p_sterbegeld-versicherung.html,yes
AXA,geschaeftskunden_profi-schutz-absicherung.html,yes
AXA,pk_haftpflicht_p_rechtsschutz.html,yes
AXA,pk_gesundheit_p_zahnzusatzversicherung.html,yes
AXA,karriere_ausbildung-duales-studium.html,no
AXA,geschaeftskunden_internationale-versicherungsprogramme.html,no
AXA,geschaeftskunden_luftfahrtversicherung.html,yes
