company_name,filename,product
arag,hausratversicherung_glasversicherung.html,
arag,vereinsversicherung_sportversicherung_nicht-mitglieder-versicherung.html,
arag,tierversicherung_hundekrankenversicherung.html,
arag,vereinsversicherung_sportversicherung.html,
arag,sitemap.html,
arag,gewerbeversicherung_firmenrechtsschutz.html,
arag,rechtsschutzversicherung_versicherungspaket.html,
arag,reiseversicherung_reise-protect.html,
arag,rechtsschutzversicherung_juracheck.html,
arag,krankenzusatzversicherung_krankentagegeldversicherung.html,
arag,gewerbeversicherung_versicherungspaket.html,
arag,unfallversicherung.html,
arag,krankenzusatzversicherung_krankentagegeldversicherung.html,
arag,gewerbeversicherung_firmenrechtsschutz-sofort.html,
arag,krankenzusatzversicherung_heilpraktiker-zusatzversicherung.html,
arag,sitemap.html,
arag,tierversicherung_hunde-op-versicherung.html,
arag,krankenzusatzversicherung_krankenhauszusatzversicherung.html,
arag,reiseversicherung_reise-protect.html,
arag,tierversicherung_katzen-op-versicherung.html,
arag,rechtsschutzversicherung_verkehrsrechtsschutz.html,
arag,gewerbeversicherung_betriebshaftpflichtversicherung.html,
arag,krankenzusatzversicherung_heilpraktiker-zusatzversicherung.html,
arag,vereinsversicherung_sportversicherung_nicht-mitglieder-versicherung.html,
arag,unternehmen.html,
arag,unternehmen.html,
arag,pflegezusatzversicherung.html,
arag,unternehmen.html,
arag,rechtsschutzversicherung_erb-rechtsschutz.html,
arag,private-krankenversicherung.html,
arag,gewerbeversicherung_firmenrechtsschutz-sofort.html,
arag,rechtsschutzversicherung_versicherungspaket.html,
arag,rechtsschutzversicherung_erb-rechtsschutz.html,
arag,rechtsschutzversicherung_privatrechtsschutz.html,
arag,sitemap.html,
arag,hausratversicherung_elektronikversicherung.html,
arag,krankenzusatzversicherung_kinder.html,
arag,reiseversicherung_top-schutzbrief.html,
arag,.html,
arag,krankenzusatzversicherung_heilpraktiker-zusatzversicherung.html,
arag,home.html,
arag,hausratversicherung.html,
arag,rechtsschutzversicherung_juracheck.html,
arag,krankenzusatzversicherung_krankentagegeldversicherung.html,
arag,krankenzusatzversicherung_heilpraktiker-zusatzversicherung.html,
arag,vereinsversicherung_karneval-versicherung.html,
arag,gewerbeversicherung.html,
arag,gewerbeversicherung_werkverkehrsversicherung.html,
arag,pflegezusatzversicherung.html,
arag,rechtsschutzversicherung_arbeitsrechtsschutz.html,
axa,pk_kfz_s_schadenservice-auto.html,
axa,myaxa-kundenportal.html,
axa,karriere_ausbildung-duales-studium_ausbildung-kaufmann-versicherungen-finanzen.html,
axa,geschaeftskunden_gastronomie.html,
axa,kontakt_servicenummern.html,
axa,geschaeftskunden_betriebliche-gruppenunfallversicherung.html,
axa,pk_gesundheit_p_zahnzusatzversicherung.html,
axa,pk_gesundheit_s_pflegewelt.html,
axa,pk_kfz_s_schadenservice-auto.html,
axa,impressum.html,
axa,geschaeftskunden_montageversicherung.html,
axa,freundewerben.html,
axa,karriere_erfahrungsbericht-data-management.html,
axa,pk_existenzsicherung_r_existenzsicherung-ratgeber.html,
axa,pk_haus-wohnung.html,
axa,site_axa-de_get_documents_E-1511147583_axade_medien_ueber axa_wir-ueber-uns_beteiligungsstruktur-axa-konzern.pdf.html,
axa,geschaeftskunden_bau.html,
axa,geschaeftskunden_vermoegensschadenhaftpflicht.html,
axa,karriere_erfahrungsbericht-finance.html,
axa,presse_mediathek_dossiers.html,
axa,freundewerben.html,
axa,kontakt.html,
axa,pk_gesundheit.html,
axa,pk_gesundheit_s_meine-gesundheit.html,
axa,geschaeftskunden_luftfahrtversicherung.html,
axa,pk_haftpflicht_p_rechtsschutz.html,
axa,pk_gesundheit_s_pflegewelt.html,
axa,site_axa-de_get_documents_E-1094684217_axade_medien_geschaeftskunden_branchen_uebersicht- branchen_broschuere-geschaeftskunden-branchen.pdf.html,
axa,wir-ueber-uns_gesellschaften.html,
axa,pk_haftpflicht_p_verkehrsrechtsschutz.html,
axa,kontakt_adressen.html,
axa,site_axa-de_redirect_MyAxaLogin_AKTIONSCODE%3D14015D.html,
axa,geschaeftskunden_maschinenversicherung.html,
axa,presse_mediathek_daten-und-fakten.html,
axa,pk_haftpflicht_p_rechtsschutz.html,
axa,geschaeftskunden_gastronomie.html,
axa,karriere_ausbildung-duales-studium.html,
axa,karriere_ausbildung-duales-studium.html,
axa,geschaeftskunden_betriebsschliessungsversicherung.html,
axa,karriere_ausbildung-duales-studium.html,
axa,pk_kfz_p_lieferwagen-versicherung.html,
axa,karriere_erfahrungsbericht-onboarding-praktikantin.html,
axa,wir-ueber-uns_nachhaltigkeit_corporate-social-responsibility.html,
axa,pk_haftpflicht_p_tierhalter-haftpflicht.html,
axa,geschaeftskunden_bau.html,
axa,pk_kfz_p_lieferwagen-versicherung.html,
axa,presse_verzinsung-lebensversicherung-2025.html,
axa,pk_gesundheit_s_pflegewelt.html,
axa,karriere_unternehmenskultur.html,
axa,geschaeftskunden_it-haftpflicht.html,
barmenia,deu_bde_privat_bde_produkte_privat_uebersicht.xhtml.html,
barmenia,deu_bde_privat_bde_produkte_privat_bde_haus_haftpflicht_haftpflicht_uebersicht.xhtml.html,
barmenia,deu_bde_lp_verbeamtung.xhtml.html,
barmenia,deu_bde_privat_bde_service_bde_selfservice_kunden_werben_kunden.xhtml.html,
barmenia,deu_bde_privat_bde_unternehmen_bde_daten_und_fakten_uebersicht.xhtml.html,
barmenia,deu_bde_privat_bde_unternehmen_bde_nachhaltigkeit_bde_wirtschaftlich_uebersicht.xhtml.html,
barmenia,deu_bde_geschaeftlich_bde_produkte_geschaeftskunde_bde_gesundheit_1_bkv_gutschein_loesungen_gutscheinloesungen.xhtml.html,
barmenia,deu_bde_privat_bde_ratgeber_bde_gesundheit_2_bde_zahngesundheit_uebersicht.xhtml.html,
barmenia,deu_bde_privat_bde_produkte_privat_uebersicht.xhtml.html,
barmenia,deu_bde_privat_bde_unternehmen_bde_nachhaltigkeit_uebersicht.xhtml.html,
barmenia,deu_bde_privat_bde_produkte_privat_bde_gesundheit_kv_voll_spezialtarife_heilfuersorge.xhtml.html,
barmenia,deu_bde_privat_bde_produkte_privat_bde_gesundheit_kv_voll_spezialtarife_internationale-fachkraefte.xhtml.html,
barmenia,deu_bde_privat_bde_unternehmen_bde_daten_und_fakten_bde_geschaeftsergebnisse_uebersicht.xhtml.html,
barmenia,deu_bde_privat_bde_unternehmen_bde_nachhaltigkeit_bde_wirtschaftlich_bde_zertifizierung_und_auszeichnungen_uebersicht.xhtml.html,
barmenia,deu_bde_privat_bde_produkte_privat_bde_vorsorge_finanzen_existenzschutz_1_uebersicht.xhtml.html,
barmenia,deu_bde_privat_barmenia_ausgezeichnet_auszeichnungen_siegel-detailseite_36992.xhtml.html,
barmenia,deu_bde_privat_bde_unternehmen_bde_nachhaltigkeit_bde_beirat_uebersicht.xhtml.html,
barmenia,deu_bde_privat_bde_produkte_privat_bde_vorsorge_finanzen_versicherungen_fuer_kinder_1_uebersicht.xhtml.html,
barmenia,deu_bde_privat_bde_service_uebersicht.xhtml.html,
barmenia,deu_bde_privat_bde_service_bde_selfservice_bde_kfz_self_uebersicht.xhtml.html,
barmenia,deu_bde_privat_bde_produkte_privat_bde_gesundheit_kv_voll_spezialtarife_internationale-fachkraefte.xhtml.html,
barmenia,deu_bde_privat_barmenia_ausgezeichnet_auszeichnungen_siegel-detailseite_835.xhtml.html,
barmenia,deu_bde_privat_bde_produkte_privat_bde_gesundheit_zusatzversicherungen_krankentagegeld_2_uebersicht.xhtml.html,
barmenia,deu_bde_privat_bde_produkte_privat_bde_gesundheit_kv_voll_spezialtarife_studenten.xhtml.html,
barmenia,deu_bde_privat_bde_service_bde_infocenter_bde_gothaer_mitglieder_schutzbrief_gothaer_mitglieder_schutzbrief.xhtml.html,
barmenia,deu_bde_privat_bde_produkte_privat_bde_gesundheit_kv_voll_spezialtarife_angehende_beamtenanwaerter.xhtml.html,
barmenia,deu_bde_privat_bde_ratgeber_bde_gesundheit_2_bde_zahngesundheit_uebersicht.xhtml.html,
barmenia,deu_bde_privat_barmenia_ausgezeichnet_auszeichnungen_siegel-detailseite_27008.xhtml.html,
barmenia,deu_bde_privat_bde_service_bde_infocenter_bde_kontakt_uebersicht.xhtml.html,
barmenia,deu_bde_privat_bde_produkte_privat_bde_rund_ums_tier_hunde_kv_hunde_kv.xhtml.html,
barmenia,deu_bde_privat_bde_produkte_privat_bde_haus_haftpflicht_hausrat_uebersicht.xhtml.html,
barmenia,deu_bde_geschaeftlich_bde_produkte_geschaeftskunde_bde_vorsorge_finanzen_1_betriebliche_altersversorgung_direktbu.xhtml.html,
barmenia,deu_bde_privat_barmenia_ausgezeichnet_auszeichnungen_siegel-detailseite_24704.xhtml.html,
barmenia,deu_bde_privat_bde_unternehmen_bde_kooperationen_uebersicht.xhtml.html,
barmenia,deu_bde_privat_bde_produkte_privat_bde_gesundheit_kv_voll_spezialtarife_angehende_beamtenanwaerter.xhtml.html,
barmenia,deu_bde_privat_bde_service_bde_selfservice_kunden_werben_kunden.xhtml.html,
barmenia,deu_bde_privat_bde_unternehmen_bde_kooperationen_affiliatepartner-werden.xhtml.html,
barmenia,deu_bde_privat_bde_unternehmen_bde_kooperationen_affiliatepartner-werden.xhtml.html,
barmenia,deu_bde_privat_bde_produkte_privat_bde_gesundheit_kv_voll_spezialtarife_uebersicht.xhtml.html,
barmenia,deu_bde_privat_bde_unternehmen_bde_kooperationen_affiliatepartner-werden.xhtml.html,
barmenia,deu_bde_privat_bde_produkte_privat_bde_haus_haftpflicht_bausparen_1_uebersicht.xhtml.html,
barmenia,deu_bde_privat_bde_produkte_privat_bde_kfz_reisen_uebersicht.xhtml.html,
barmenia,deu_bde_privat_bde_service_bde_selfservice_uebersicht.xhtml.html,
barmenia,deu_bde_privat_bde_produkte_privat_bde_gesundheit_kv_voll_be_bee.xhtml.html,
barmenia,deu_bde_privat_bde_unternehmen_bde_nachhaltigkeit_bde_beirat_uebersicht.xhtml.html,
barmenia,deu_bde_privat_bde_produkte_privat_bde_haus_haftpflicht_bausparen_1_uebersicht.xhtml.html,
barmenia,deu_bde_privat_bde_produkte_privat_bde_gesundheit_zusatzversicherungen_krankenhaus_uebersicht.xhtml.html,
barmenia,deu_bde_privat_bde_ratgeber_bde_gesundheit_2_bde_zahngesundheit_uebersicht.xhtml.html,
barmenia,deu_bde_geschaeftlich_bde_produkte_geschaeftskunde_bde_betrieb_haftpflicht_gewerbe_sachversicherung_uebersicht.xhtml.html,
barmenia,deu_bde_privat_bde_produkte_privat_bde_gesundheit_zusatzversicherungen_telearzt_3_mediapp_tarif.xhtml.html,
dkv,suche.html.html,
dkv,lebenssituationen-sie-beginnen-ein-studium-oder-eine-ausbildung.html.html,
dkv,gesundheit-organisation-hilfsmittel-service-cgm-systeme.html.html,
dkv,gesundheitswelt.html.html,
dkv,gesundheit-organisation-hilfsmittel-service-patientenlifter.html.html,
dkv,gesundheit-organisation-hilfsmittel-service-orthesen.html.html,
dkv,suche.html.html,
dkv,info-center.html.html,
dkv,gesundheit-themenwelt-schlafstoerungen.html.html,
dkv,unternehmen-auszeichnungen-89072.html.html,
dkv,bescheinigung_anfordern.html.html,
dkv,gesundheit-organisation-hilfsmittel-service-prothesen.html.html,
dkv,gesundheit-gesunder-ruecken.html.html,
dkv,gesundheit-digitale-sprechstunde-112306.html.html,
dkv,lebenssituationen-arbeitslosigkeit.html.html,
dkv,betriebliche-krankenversicherung.html.html,
dkv,produkte-rundum-zusatzversicherung.html.html,
dkv,productdb_img_img_Auszeichnungen_Siegel-Franke-Bornberg-Z90_XL.jpg_1.html,
dkv,unternehmen-auszeichnungen-89072.html.html,
dkv,zahnzusatzversicherung-kombimed-plus-tarif.html.html,
dkv,gesundheit-psyche.html.html,
dkv,gesundheit-themenwelt-psyche-burnout.html.html,
dkv,gesundheit-organisation-hilfsmittel-service-orthesen.html.html,
dkv,gesundheit-gesundheitsprogramme.html.html,
dkv,gesundheit-aktivprogramme.html.html,
dkv,gesundheit-organisation-hilfsmittel-service-hoergeraete.html.html,
dkv,unternehmen-zahlen-fakten-geschaeftsbericht-kennzahlen-dkv-365.html.html,
dkv,gesundheit-dkv-rechnungs-app-107636.html.html,
dkv,zahnwelt.html.html,
dkv,gesundheit-innere-organe.html.html,
dkv,gesundheit-organisation-hilfsmittel-service-cgm-systeme.html.html,
dkv,produkte-krankentagegeld-versicherung-106339.html.html,
dkv,kunden-kundenbereich-mydkv-12639.html.html,
dkv,zahnheilkunde.html.html,
dkv,zahnzusatzversicherung-kdt-tarif.html.html,
dkv,gesundheit-familienprogramme.html.html,
dkv,lebenssituationen-arbeitslosigkeit.html.html,
dkv,kunden-kundenbereich-mydkv-12639.html.html,
dkv,produkte-private-pflegezusatzversicherung-jetzt-handeln.html.html,
dkv,gesundheit-organisation-hilfsmittel-service-orthesen.html.html,
dkv,gesundheit-themenwelt-ernaehrung-bei-uebergewicht.html.html,
dkv,gesundheit-organisation-hilfsmittel-service-orthopaedische-massschuhe.html.html,
dkv,productdb_img_img_Auszeichnungen_Siegel-Assekurata-PMA_XL.jpg_3.html,
dkv,gesundheit-apps-und-co-unsere-digitalen-gesundheitsangebote.html.html,
dkv,unternehmen-zahlen-fakten-geschaeftsbericht-kennzahlen-dkv-365.html.html,
dkv,kontakt-formular-unternehmen-presse-12054.html.html,
dkv,geschaeftskunden.html.html,
dkv,.html,
dkv,gesundheit-organisation-hilfsmittel-service-zum-verbrauch-bestimmte-pflegehilfsmittel.html.html,
dkv,produkte-rundum-zusatzversicherung.html.html,
ergo,de_Produkte_Zahnzusatzversicherung_verdoppelter-Festzuschuss-bei-Zahnersatz.html,
ergo,de_Produkte_Reiseversicherung_Jahres-Reiseversicherung.html,
ergo,de_Service_Zahnkosten-Optimierer.html,
ergo,de_Produkte_Reiseversicherung_Studenten_und_Au-pair-Versicherung.html,
ergo,content_dam_ergo_pdf_kranken_zahnzusatz_broschuere-zahnersatz-sofort.pdf.coredownload.pdf.html,
ergo,de_Versicherung-vor-Ort_Regional.html,
ergo,de_Produkte_Monatsgeld.html,
ergo,de_Produkte_Reiseversicherung_Reiseruecktrittsversicherung.html,
ergo,de_Produkte_Zahnzusatzversicherung_verdoppelter-Festzuschuss-bei-Zahnersatz.html,
ergo,de_Service_Kundenbereich.html,
ergo,de_Produkte_Reiseversicherung_Incoming-Versicherung.html,
ergo,de_Service_ereignis-melden_leistungsfall-melden.html,
ergo,de_Service_ereignis-melden_leistungsfall-melden.html,
ergo,de.html,
ergo,de_Produkte.html,
ergo,de_Produkte_Zahnzusatzversicherung_Kieferorthopaedie_abschluss_kfo.html,
ergo,de_Produkte_Reiseversicherung.html,
ergo,de_Produkte_Rechtsschutzversicherung.html,
ergo,de_Produkte_Krankenversicherung_Rundum-Zusatzversicherung.html,
ergo,de_Produkte_Berufsunfaehigkeitsversicherung.html,
ergo,de_Service_Newsletter.html,
ergo,de.html,
ergo,de_Produkte_KFZ-Versicherung_Mopedversicherung.html,
ergo,de_Produkte_Rentenversicherung_Zukunfts-Rente.html,
ergo,de_Produkte_Krankenversicherung_Krankenvollversicherung.html,
ergo,de_Service_Newsletter.html,
ergo,de_Produkte_Zahnzusatzversicherung.html,
ergo,de_Produkte_Haftpflichtversicherung_Haus-und-Grundbesitzerhaftpflicht.html,
ergo,de_Produkte_Reiseversicherung_Reiseruecktrittsversicherung.html,
ergo,de_Produkte_Krankenversicherung_Augenversicherung.html,
ergo,de_Produkte_Krankenversicherung_Ambulante-Zusatzversicherung.html,
ergo,de_Service_Kontakt_Lob-und-Beschwerde.html,
ergo,de_Produkte_Krankenversicherung_Rundum-Zusatzversicherung.html,
ergo,de_Produkte_KFZ-Versicherung_Mopedversicherung.html,
ergo,de_Produkte_Hausrat-und-Gebaeudeversicherung_ebike-versicherung.html,
ergo,de_Service_Newsletter_intcid%3D9000652.html,
ergo,de_Service_Kundenbereich_intcid%3D9000916.html,
ergo,de_Service_ereignis-melden_leistungsfall-melden_kranken.html,
ergo,de_Service_ereignis-melden_leistungsfall-melden_zahn.html,
ergo,de_Produkte_Bausparen-Finanzierung_Vermoegenspolicen.html,
ergo,de_Produkte_Haftpflichtversicherung_Haus-und-Grundbesitzerhaftpflicht.html,
ergo,de_Produkte_Bausparen-Finanzierung_Kidspolicen.html,
ergo,de_Produkte_Reiseversicherung_Studenten_und_Au-pair-Versicherung.html,
ergo,de_Produkte_Krankenversicherung_Krankentagegeld.html,
ergo,de_Produkte_Krankenversicherung_Krankentagegeld.html,
ergo,de_Service_Kundenbewertungen_Kundenwerkstatt.html,
ergo,de_Produkte_Krankenversicherung_Krankentagegeld.html,
ergo,de_Ratgeber.html,
ergo,de_Produkte_KFZ-Versicherung_Mopedversicherung.html,
ergo,de_Produkte_Bausparen-Finanzierung_Bausparen.html,
generali,geschaeftskunden_geschaeft-gebaeude_maschinen-kaskoversicherung.html,
generali,service-kontakt_self-service_vertragsinformationen_tarifinformation-krankenversicherung.html,
generali,privatkunden_gesundheit-freizeit_beitragsentlastung-im-alter.html,
generali,privatkunden_fahrzeug-zuhause_kunstversicherung.html,
generali,service-kontakt_kontakt.html,
generali,home.html,
generali,geschaeftskunden_geschaeft-gebaeude_maschinen-kaskoversicherung.html,
generali,privatkunden_fahrzeug-zuhause_kfz-brief.html,
generali,privatkunden_fahrzeug-zuhause_hausratversicherung_haus-und-wohnungsschutzbrief.html,
generali,privatkunden_vorsorge-finanzen_vermoegens-einkommensplan.html,
generali,privatkunden_rundum-schutz_vermoegenssicherungspolice.html,
generali,public-affairs.html,
generali,privatkunden_recht-haftung_gewaesserschaden-haftpflichtversicherung.html,
generali,geschaeftskunden_gesundheit-betriebliche-vorsorge_zeitwert-altersteilzeitkonten.html,
generali,privatkunden_rundum-schutz_vermoegensaufbau4you.html,
generali,datenschutz.html,
generali,nachhaltigkeit_the-human-safety-net.html,
generali,privatkunden_gesundheit-freizeit_krankenhaustagegeld.html,
generali,privatkunden_vorsorge-finanzen_vermoegens-einkommensplan.html,
generali,privatkunden_fahrzeug-zuhause_wohngebaeudeversicherung.html,
generali,privatkunden_gesundheit-freizeit_unfallversicherung_unfall-assistance-xxl.html,
generali,privatkunden_fahrzeug-zuhause_hausratversicherung_konto-und-finanzschutzbrief.html,
generali,home.html,
generali,mobilehealth.html,
generali,privatkunden_vorsorge-finanzen_sterbegeldversicherung.html,
generali,privatkunden_fahrzeug-zuhause_oldtimer-optimal.html,
generali,service-kontakt_schaden-melden_kfz-kasko.html,
generali,nachhaltigkeitsbezogene-offenlegung.html,
generali,privatkunden_gesundheit-freizeit_beitragsentlastung-im-alter.html,
generali,privatkunden_gesundheit-freizeit_krankentagegeld-vollversicherte.html,
generali,privatkunden_fahrzeug-zuhause_photovoltaikversicherung.html,
generali,privatkunden_vorsorge-finanzen_berufsunfaehigkeitsversicherung.html,
generali,presse.html,
generali,privatkunden_rundum-schutz_vermoegensaufbau4you.html,
generali,privatkunden_gesundheit-freizeit_krankentagegeld-vollversicherte.html,
generali,ueber-uns.html,
generali,home.html,
generali,service-kontakt_self-service_mein-bearbeitungsstand_schaden-tracking.html,
generali,geschaeftskunden_waren-transport_warenversicherung.html,
generali,privatkunden_vorsorge-finanzen_risikolebensversicherung.html,
generali,privatkunden_fahrzeug-zuhause_oldtimer-optimal.html,
generali,geschaeftskunden_geschaeft-gebaeude_gewerbliche-haftpflichtversicherung.html,
generali,geschaeftskunden_gesundheit-betriebliche-vorsorge_aktuarielle-dienstleistungen.html,
generali,privatkunden_gesundheit-freizeit_gesundheitsservices_kooperationen_mister-spex.html,
generali,privatkunden_vorsorge-finanzen_basis-rente.html,
generali,nachhaltigkeit_the-human-safety-net.html,
generali,privatkunden_fahrzeug-zuhause_hausratversicherung_konto-und-finanzschutzbrief.html,
generali,service-kontakt_schaden-melden_konto-finanzschutzbrief.html,
generali,geschaeftskunden_geschaeft-gebaeude_bauversicherungen.html,
generali,geschaeftskunden.html,
huk-coburg,haus-haftung-recht_haus-wohnung_bausparen.html.html,
huk-coburg,fahrzeuge_kfz-versicherung_wohnwagenversicherung.html.html,
huk-coburg,fahrzeuge_ratgeber_unfall-pannen_auffahrunfall.html.html,
huk-coburg,service_kontakt.html.html,
huk-coburg,haus-haftung-recht_rechtsschutzversicherung.html.html,
huk-coburg,fahrzeuge_ratgeber_schadenfreiheitsklasse.html.html,
huk-coburg,fahrzeuge_kfz-versicherung_oldtimer-youngtimer.html.html,
huk-coburg,haus-haftung-recht_haus-wohnung_bausparen.html.html,
huk-coburg,service_kunden-werben-kunden.html.html,
huk-coburg,datenschutz.html.html,
huk-coburg,gesundheit-vorsorge-vermoegen_pflegeversicherung_pflege-assistance.html.html,
huk-coburg,fahrzeuge_ratgeber_marderbiss.html.html,
huk-coburg,versicherung-in-der-naehe_karlsruhe.html.html,
huk-coburg,fahrzeuge_ratgeber_fahrzeugbrief.html.html,
huk-coburg,haus-haftung-recht_haftpflichtversicherung_pferdehaftpflicht.html.html,
huk-coburg,haus-haftung-recht_haftpflichtversicherung.html.html,
huk-coburg,fahrzeuge_ratgeber_urlaub-reisen_wintercamping.html.html,
huk-coburg,gesundheit-vorsorge-vermoegen_krankenversicherung_krankenzusatzversicherung.html.html,
huk-coburg,fahrzeuge_e-fahrzeuge.html.html,
huk-coburg,gesundheit-vorsorge-vermoegen_pflegeversicherung_pflege-assistance.html.html,
huk-coburg,fahrzeuge_ratgeber_elektroautos_reichweite.html.html,
huk-coburg,gesundheit-vorsorge-vermoegen_krankenversicherung_krankenzusatzversicherung_zahnzusatzversicherung.html.html,
huk-coburg,fahrzeuge_ratgeber_faehrueberfahrten.html.html,
huk-coburg,fahrzeuge_kfz-versicherung_oldtimer-youngtimer.html.html,
huk-coburg,fahrzeuge_ratgeber_elektroautos_leasen.html.html,
huk-coburg,fahrzeuge_kfz-versicherung_telematik-plus.html.html,
huk-coburg,fahrzeuge_kfz-versicherung_autoversicherung-fahranfaenger.html.html,
huk-coburg,fahrzeuge_ratgeber_reifen_reifencheck.html.html,
huk-coburg,fahrzeuge_ratgeber_urlaub-reisen_maut-vignette.html.html,
huk-coburg,fahrzeuge_ratgeber_urlaub-reisen_mit-dem-auto-in-den-urlaub.html.html,
huk-coburg,haus-haftung-recht_ratgeber_welche-kosten-uebernimmt-die-rechtsschutzversicherung.html.html,
huk-coburg,service_kontakt.html.html,
huk-coburg,fahrzeuge_kfz-versicherung_elektro-kleinstfahrzeuge.html.html,
huk-coburg,service_schaden_schadenpraevention.html.html,
huk-coburg,fahrzeuge_ratgeber_verkehrssicherheit_schulterblick.html.html,
huk-coburg,ueber-uns_nachhaltigkeit.html.html,
huk-coburg,haus-haftung-recht_ratgeber_rechtsschutz-arbeitsrecht.html.html,
huk-coburg,haus-haftung-recht_haftpflichtversicherung.html.html,
huk-coburg,service_schaden_schadenpraevention.html.html,
huk-coburg,fahrzeuge_ratgeber_fuehrerschein.html.html,
huk-coburg,fahrzeuge_kfz-versicherung_oldtimer-youngtimer.html.html,
huk-coburg,versicherung-in-der-naehe_bochum.html.html,
huk-coburg,ueber-uns.html.html,
huk-coburg,fahrzeuge_ratgeber_urlaub-reisen_wildcampen-im-wohnmobil.html.html,
huk-coburg,gesundheit-vorsorge-vermoegen_existenzsicherung_dienstunfaehigkeitsversicherung.html.html,
huk-coburg,fahrzeuge_ratgeber_reifen_reifencheck.html.html,
huk-coburg,fahrzeuge_ratgeber_elektroautos_co2-zertifikat-verkaufen.html.html,
huk-coburg,haus-haftung-recht_haus-wohnung_fahrradschutzbrief.html.html,
huk-coburg,karriere.html.html,
huk-coburg,gesundheit-vorsorge-vermoegen_altersvorsorge_direktversicherung.html.html,
r+v,grundfaehigkeitsversicherung.html,
r+v,vorsorge.html,
r+v,beratung_geld-anlegen.html,
r+v,firmenkunden_gesellschafter-geschaeftsfuehrer-versorgung.html,
r+v,unfallversicherung.html,
r+v,firmenkunden_verkehr-logistik.html,
r+v,haftpflichtversicherung_jagdhaftpflichtversicherung.html,
r+v,service_kontakt.html,
r+v,grundfaehigkeitsversicherung.html,
r+v,firmenkunden_handwerk.html,
r+v,altersvorsorge_private-rentenversicherung_duoinvest.html,
r+v,hausratversicherung_naturgefahren.html,
r+v,newsroom_themendienst.html,
r+v,elektronikversicherung_hardwareversicherung.html,
r+v,firmenkunden.html,
r+v,altersvorsorge_private-rentenversicherung_sofortrente.html,
r+v,tierversicherung_pferdeversicherung_pferdehaftpflichtversicherung.html,
r+v,100-jahre_mission-miteinander.html,
r+v,firmenkunden_fuer-ihr-unternehmen.html,
r+v,tierversicherung_pferdeversicherung_lebensversicherung-pferd.html,
r+v,hausratversicherung_naturgefahren.html,
r+v,gemeinschaft_nicht-allein-momente.html,
r+v,firmenkunden_fuer-sie.html,
r+v,kfz-versicherung_motorrad-versicherung.html,
r+v,kfz-versicherung_tarif-berechnen.html,
r+v,altersvorsorge_private-rentenversicherung_ruerup-rente.html,
r+v,service_kontakt.html,
r+v,altersvorsorge_private-rentenversicherung.html,
r+v,100-jahre_zukunftsfestival.html,
r+v,geldanlage_ansparkombi.html,
r+v,krankenzusatzversicherung_ambulante-zusatzversicherung.html,
r+v,kfz-versicherung_rollerversicherung.html,
r+v,tierversicherung_pferdeversicherung_pferde-op-versicherung.html,
r+v,karriere_jobsuche.html,
r+v,altersvorsorge_private-rentenversicherung_ruerup-rente.html,
r+v,firmenkunden_gesellschafter-geschaeftsfuehrer-versorgung.html,
r+v,lebensversicherungen-familie.html,
r+v,lebensversicherungen-familie.html,
r+v,krankenzusatzversicherung_brillenversicherung.html,
r+v,lebensversicherungen-familie.html,
r+v,firmenkunden_landwirtschaftliche-versicherungen.html,
r+v,krankenzusatzversicherung_zusatzversicherung-heilpraktiker.html,
r+v,100-jahre_film.html,
r+v,gesundheit_immunsystem-staerken.html,
r+v,tierversicherung_pferdeversicherung_pferdehaftpflichtversicherung.html,
r+v,firmenkunden_landwirtschaftliche-versicherungen.html,
r+v,beratung_terminvereinbarung.html,
r+v,service_kontakt.html,
r+v,kfz-versicherung_moped-versicherung_e-bike.html,
r+v,ratgeber_klartext.html,
sdk,versicherungen_private-krankenversicherung_optionstarif-fuer-studenten.html,
sdk,downloads_Broschueren_Broschuere-Krankenhauszusatzversicherung-1.782.pdf.html,
sdk,versicherungen_private-krankenversicherung_private-krankenversicherung-fuer-aerzte-ein-muss-fuer-jeden-mediziner.html,
sdk,versicherungen_private-krankenversicherung_pkv-fuer-angestellte.html,
sdk,versicherungen_zusatzversicherung_krankentagegeldversicherung.html,
sdk,versicherungen.html,
sdk,datenschutz.html,
sdk,services_kontakt_telefonnummern.html,
sdk,versicherungen_private-krankenversicherung_angebot.html,
sdk,versicherungen_private-krankenversicherung_angebot.html,
sdk,versicherungen_private-krankenversicherung_pkv-fuer-beamte_angebot.html,
sdk,versicherungen_private-krankenversicherung_gesundheitsdienstleistungen_suchservice.html,
sdk,versicherungen_zusatzversicherung_zahnzusatzversicherung.html,
sdk,versicherungen_altersvorsorge_sterbegeldversicherung.html,
sdk,versicherungen_private-krankenversicherung_gesundheitsdienstleistungen_brille.html,
sdk,services_online-services_einwilligungerklaerung.html,
sdk,versicherungen_private-krankenversicherung_pkv-fuer-beamte_angebot.html,
sdk,services_online-services_rechnung-einreichen.html,
sdk,versicherungen_private-krankenversicherung_rechner.html,
sdk,services_online-services_einwilligungerklaerung.html,
sdk,downloads_Broschueren_Broschuere-Ambulante-Zusatzversicherung-1.781.pdf.html,
sdk,versicherungen_zusatzversicherung_praxis-zusatzversicherung_angebot.html,
sdk,versicherungen.html,
sdk,services_online-services_bescheinigungen.html,
sdk,versicherungen_zusatzversicherung_zahnzusatzversicherung_wurzelbehandlung-das-muessen-sie-wissen.html,
sdk,downloads_Broschueren_Broschuere-Zusatzversicherung-1.013c.pdf.html,
sdk,versicherungen_altersvorsorge_sterbegeldversicherung.html,
sdk,services_online-services_bankverbindung-aendern.html,
sdk,versicherungen_zusatzversicherung_auslandskrankenversicherung.html,
sdk,downloads_Broschueren_Broschuere-Optionstarif-Private-Krankenversicherung-1.645s.pdf.html,
sdk,versicherungen_private-krankenversicherung_gesundheitsdienstleistungen_augen-lasern.html,
sdk,unternehmen_unsere-geschichte.html,
sdk,versicherungen_private-krankenversicherung_gesundheitsdienstleistungen_gesundheitsdienstleistungen-fuer-krankenzusatzversicherte.html,
sdk,versicherungen_zusatzversicherung_praxis-zusatzversicherung_angebot.html,
sdk,services_kontakt_adressen.html,
sdk,versicherungen_private-krankenversicherung_private-krankenversicherung-fuer-aerzte-ein-muss-fuer-jeden-mediziner.html,
sdk,downloads_Broschueren_Broschuere-GesundheitsFAIR-1.645.pdf.html,
sdk,downloads_Broschueren_Broschuere-GesundheitsFAIR-1.645.pdf.html,
sdk,versicherungen_zusatzversicherung_praxis-zusatzversicherung.html,
sdk,downloads_Broschueren_Broschuere-GesundheitsFAIR-1.645.pdf.html,
sdk,unternehmen_karriere_ausbildung-duales-studium.html,
sdk,unternehmen_karriere_innendienst.html,
sdk,downloads_Broschueren_Broschuere-Ambulante-Zusatzversicherung-1.781.pdf.html,
sdk,versicherungen_zusatzversicherung_zahnzusatzversicherung.html,
sdk,unternehmen_karriere_ausbildung-duales-studium.html,
sdk,versicherungen_zusatzversicherung_zahnzusatzversicherung_was-die-zunge-ueber-sie-verraet.html,
sdk,versicherungen.html,
sdk,downloads_Broschueren_Broschuere-Gegenueberstellung-GKV-PKV-1.645a.pdf.html,
sdk,unternehmen_ueber-die-sdk.html,
sdk,versicherungen_zusatzversicherung_auslandskrankenversicherung_rechner.html,
signal_iduna_group,produkte_elementarversicherung.html,
signal_iduna_group,produkte_grundfaehigkeitsversicherung.html,
signal_iduna_group,ratgeber_risikolebensversicherung-auszahlung.html,
signal_iduna_group,ratgeber_risikolebensversicherung-partner.html,
signal_iduna_group,ratgeber.html,
signal_iduna_group,ratgeber_risikolebensversicherung-zahlt-lebensversicherung-bei-suizid.html,
signal_iduna_group,ratgeber_hausratversicherung-umzug-melden.html,
signal_iduna_group,produkte_private-pflegeversicherung_pflegetagegeldversicherung.html,
signal_iduna_group,produkte_elementarversicherung.html,
signal_iduna_group,produkte_private-altersvorsorge.html,
signal_iduna_group,lebenssituationen_umzug.html,
signal_iduna_group,service_digitale-services.html,
signal_iduna_group,service_beschwerde-einreichen.html,
signal_iduna_group,berufsgruppen_handwerk.html,
signal_iduna_group,produkte_private-krankenversicherung_angebot.html,
signal_iduna_group,produkte_diensthaftpflichtversicherung.html,
signal_iduna_group,produkte_jagdhaftpflicht.html,
signal_iduna_group,produkte_krankenzusatzversicherung.html,
signal_iduna_group,lebenssituationen_berufliche-veraenderung.html,
signal_iduna_group,service_weitere-services.html,
signal_iduna_group,service_digitale-services.html,
signal_iduna_group,service_bescheinigungen-anfordern.html,
signal_iduna_group,home.html,
signal_iduna_group,produkte_unfallversicherung_senioren.html,
signal_iduna_group,ratgeber_privathaftpflicht-schaden-durch-katze.html,
signal_iduna_group,ratgeber_privathaftpflicht-mietsachschaeden.html,
signal_iduna_group,produkte_private-pflegeversicherung_pflegetagegeldversicherung.html,
signal_iduna_group,ratgeber_zahnzusatzversicherung-zahnspange-kostenuebernahme.html,
signal_iduna_group,berufsgruppen_selbststaendige.html,
signal_iduna_group,produkte_gewerbe_direktversicherung.html,
signal_iduna_group,produkte_private-altersvorsorge_ruerup-rente.html,
signal_iduna_group,ratgeber_risikolebensversicherung-lebensversicherung-mit-berufsunfaehigkeit.html,
signal_iduna_group,produkte_ambulante-zusatzversicherung.html,
signal_iduna_group,produkte_gewerbe_baeckeraufbaurente.html,
signal_iduna_group,ratgeber_privathaftpflicht-mietsachschaeden.html,
signal_iduna_group,ratgeber_risikolebensversicherung-partner.html,
signal_iduna_group,produkte_gewaesserschadenhaftpflicht.html,
signal_iduna_group,produkte_gewaesserschadenhaftpflicht.html,
signal_iduna_group,ratgeber_fahrradversicherung-fahrradfreundlichste-staedte-der-welt.html,
signal_iduna_group,produkte_gewaesserschadenhaftpflicht.html,
signal_iduna_group,service_daten-aendern.html,
signal_iduna_group,ratgeber_solar-balkonkraftwerk.html,
signal_iduna_group,ratgeber_private-krankenversicherung-beitragsanpassung.html,
signal_iduna_group,produkte_gewerbe_vielgefahrenversicherung_versicherungspaket-fuer-handwerker.html,
signal_iduna_group,produkte_jagdhaftpflicht.html,
signal_iduna_group,service_daten-aendern.html,
signal_iduna_group,produkte_gewerbe_bav.html,
signal_iduna_group,produkte_private-pflegeversicherung_pflegetagegeldversicherung.html,
signal_iduna_group,produkte_privathaftpflicht.html,
signal_iduna_group,ratgeber_zahnzusatzversicherung-steuererklaerung.html,
