company_1,company_2,category,company_1_details,company_2_details,comparison,prompt
arag,axa,Transportversicherung,"Product Name: Werkverkehrsversicherung
Details: Sichert alles, was Sie befördern – bei Diebstahl und Unfällen.
Transportierte Waren und Geräte sind bei Unfall und Diebstahl versichert.
Umfasst auch Schäden durch Notbremsung und Ausweichmanöver.
Auf dem Firmengelände sind Waren im abgestellten Fahrzeug ebenfalls versichert.
Ergänzend zur Kfz-Versicherung, die Schäden am Fahrzeug abdeckt, schützt die Werkverkehrsversicherung die Ladung.
Versichert sind Ihre im Werkverkehr beförderten Sachen. Das gilt auch nachts, bei Stopps unterwegs und an Ihrem ständigen Wohnort, wenn das Fahrzeug beladen abgestellt wird.
Der Schutz schließt ein Güter, Waren, Rohstoffe, Material, Teile der Betriebs- und Geschäftsausstattung, mitgeführte Arbeitsgeräte – Maschinen, Apparate, Werkzeuge, und z.B. auch Arztkoffer mit Inhalt, Ausstellungsgüter und Musterkollektionen.
Abgedeckt sind Transporte, die folgende Voraussetzungen gleichzeitig erfüllen: für eigene betriebliche Zwecke, mit eigenem Personal, mit Kfz oder Anhängern, die sich in Ihrem Eigentum oder Besitz befinden – inklusive Mietfahrzeuge.
Die Versicherung erstreckt sich auf Versicherungsfälle innerhalb Deutschlands sowie auf Transporte von und nach: Belgien, Niederlande, Luxemburg, Frankreich, Schweiz, Österreich, Dänemark.
Bei einem Diebstahl des ganzen Fahrzeugs oder bei einem Einbruchdiebstahl in das Fahrzeug zwischen 22.00 Uhr und 6.00 Uhr fällt eine Selbstbeteiligung in Höhe von 20% an, mindestens aber 250 € und maximal 2.500 €. Die Selbstbeteiligung entfällt, wenn das Fahrzeug in einer verschlossenen Einzelgarage abgestellt war.
Nicht versichert sind diese Sachen: lebende Tiere, Kunstgegenstände, Umzugsgut, Tabakwaren, Alkohol/Spirituosen, Valoren jeder Art – z.B. Bargeld, Taschen- und Armbanduhren, Wertpapiere, Schmuck, Privateffekten, sofern es sich nicht um Arbeitsgeräte handelt: elektrische/elektronische Güter der Bereiche Telekommunikation, Datenverarbeitung, Foto-, Video- und Unterhaltungselektronik.
Extra-Leistungen sind ohne Mehrbeitrag inklusive: Schadenabwendung, -minderung und feststellung, Aufräumkosten sowie Aufwendungen zur Bergung, Beseitigung und Vernichtung von beschädigten oder zerstörten versicherten Gütern, Kosten für Schäden und Verluste infolge eines versicherten Schadens am Reisegepäck der Transportbegleiter bis 1.000 €.
Bonitätsprüfungen und professionelles Forderungsmanagement sind inklusive.
Der Sicherheits-Check für Ihren Betrieb, Handwerker-Service, Psychologische Soforthilfe nach einem Einbruch oder Raub, ARAG Online Rechts-Service sind weitere Pluspunkte, die für unsere Werkverkehrsversicherung sprechen.
Die Werkverkehrsversicherung kann bei Ihrem ARAG Berater vor Ort abgeschlossen werden.
Im Schadensfall ist die ARAG rund um die Uhr erreichbar.","Product Name: Autoinhaltsversicherung
Details: Mit der AXA Autoinhaltsversicherung können alle Güter, die Sie in Ihrem Fahrzeug oder Ihrem Anhänger transportieren, abgesichert werden.
Werkzeuge, Material und Ersatzteile ebenso versichert werden wie Verkaufs- und Reparaturware oder eingekaufte Rohstoffe und Zubehörteile.
Sollten Sie die Transporte im Rahmen des gewerblichen Güterverkehrs als Kurier, Frachtführer, Spediteur etc. durchführen, kann die Absicherung im Rahmen der AXA Verkehrshaftungs-Versicherung erfolgen.
Die Autoinhaltsversicherung der AXA sichert Sie bei Schäden an den transportierten Gütern gegen finanzielle Einbußen ab und zwar bei Einbruch in das Kraftfahrzeug und Entwendung des Fahrzeugs, Unfall des Kraftfahrzeugs und Unfall des Transportmittels beim Be- und Entladen des Fahrzeugs, Brand-, Blitz- und Explosionsschäden und höhere Gewalt, Raub der versicherten Sachen.
Ergänzen Sie Ihre Autoinhaltsversicherung um eine Ausstellungsversicherung, wenn Sie Ihre Ware während einer Messe oder Ausstellung zeigen.
Versichert sind Ihre Waren während der Transporte zu und von Messen/Ausstellungen, der Auf- und Abbautage sowie der Dauer der Ausstellung.
Und falls Sie mehrere Mitarbeiter haben, die in Ihrem Auftrag unterwegs sind, können Sie als Service für Ihre Mitarbeiter eine Firmenreisegepäckversicherung bei der AXA abschließen.
AXA bietet Ihnen weitere Ergänzungen an, mit denen Sie Ihre Autoinhaltsversicherung individuell erweitern können: Versicherung des Nachtzeitrisikos (BRD und westeuropäische Anrainerstaaten) für Einbruch in das Kraftfahrzeug, Diebstahl oder Unterschlagung des Kraftfahrzeuges auch in der Zeit zwischen 22 Uhr und 6 Uhr, Mitversicherung einer Musterkollektion.
Mit unserer Autoinhaltsversicherung sind Sie in allen Fällen bestens abgesichert.
Product Name: Transportversicherung
Details: Finanzielle Absicherung für weltweiten Handel, bietet wirtschaftliche Stabilität, Sicherheit und Flexibilität
Versichert Güter von Haus zu Haus gegen Gefahren, die sich im Laufe eines Transportes ergeben können
Absicherung von Bezugs- und Versandtransporten von gekauften oder verkauften Gütern durch Händler, Roh-, Hilfs- und Betriebsstoffen zur Produktion, Weiterverarbeitung von Gütern und Hin- und Rücktransporte bei Ausstellungen von Waren
Bietet finanzielle Absicherung und minimiert wirtschaftliches Risiko
Die Industrie Select Transportwarenversicherung ist eine optimale Versicherungslösung für komplexe Transportrisiken
Bietet umfassenden Versicherungsschutz, der relevante Risiken nahezu weltweit abdeckt
Individuelle Ermittlung und Vereinbarung benötigter Deckungssummen, insbesondere je Transportmittel und je feuertechnisch getrenntem Lagerort
Weitere Risiken, wie z. B. Teilnahme an Messen/Ausstellungen oder betrieblich bedingte Mitarbeiterumzüge, sind zusätzlich versicherbar
Verlässliche und hohe Absicherung vielfältigster Kostenpositionen, z. B. Bergungs- und Beseitigungskosten, Expresszuschläge etc.
Transparente Versicherungsbedingungen: alles kompakt in einem Dokument – übersichtlich und verständlich
Kontinuierliche Begleitung – auch bei einer Expansion Ihres Unternehmens durch Tochterunternehmen im Ausland
Bietet Risikoberatung und -begleitung, von der Auswahl der richtigen Verpackung über die Sicherung der Ladung im Transportmittel bis hin zu wertvollen Tipps zur Überwachung der Be- und Entladung
Bietet AXA International Services für globale Expansion und optimalen Versicherungsschutz über Ländergrenzen hinweg
Transport-Güterversicherungszertifikat Online-Portal für eigenständige Erstellung von Güterversicherungszertifikaten
Greift im Schadensfall, z.B. bei Unwetter auf hoher See, Autobahnunfall oder Luftverkehr
Bietet spezielle Lösung für Transporte eigener Waren mit eigenen Fahrzeugen.","Here's a comparison table in markdown format for the transport insurance products offered by ARAG and AXA:

```markdown
| Feature                                                                 | ARAG Werkverkehrsversicherung","Compare two companies : arag,  axa 
Given category : Transportversicherung
arag information : Product Name: Werkverkehrsversicherung
Details: Sichert alles, was Sie befördern – bei Diebstahl und Unfällen.
Transportierte Waren und Geräte sind bei Unfall und Diebstahl versichert.
Umfasst auch Schäden durch Notbremsung und Ausweichmanöver.
Auf dem Firmengelände sind Waren im abgestellten Fahrzeug ebenfalls versichert.
Ergänzend zur Kfz-Versicherung, die Schäden am Fahrzeug abdeckt, schützt die Werkverkehrsversicherung die Ladung.
Versichert sind Ihre im Werkverkehr beförderten Sachen. Das gilt auch nachts, bei Stopps unterwegs und an Ihrem ständigen Wohnort, wenn das Fahrzeug beladen abgestellt wird.
Der Schutz schließt ein Güter, Waren, Rohstoffe, Material, Teile der Betriebs- und Geschäftsausstattung, mitgeführte Arbeitsgeräte – Maschinen, Apparate, Werkzeuge, und z.B. auch Arztkoffer mit Inhalt, Ausstellungsgüter und Musterkollektionen.
Abgedeckt sind Transporte, die folgende Voraussetzungen gleichzeitig erfüllen: für eigene betriebliche Zwecke, mit eigenem Personal, mit Kfz oder Anhängern, die sich in Ihrem Eigentum oder Besitz befinden – inklusive Mietfahrzeuge.
Die Versicherung erstreckt sich auf Versicherungsfälle innerhalb Deutschlands sowie auf Transporte von und nach: Belgien, Niederlande, Luxemburg, Frankreich, Schweiz, Österreich, Dänemark.
Bei einem Diebstahl des ganzen Fahrzeugs oder bei einem Einbruchdiebstahl in das Fahrzeug zwischen 22.00 Uhr und 6.00 Uhr fällt eine Selbstbeteiligung in Höhe von 20% an, mindestens aber 250 € und maximal 2.500 €. Die Selbstbeteiligung entfällt, wenn das Fahrzeug in einer verschlossenen Einzelgarage abgestellt war.
Nicht versichert sind diese Sachen: lebende Tiere, Kunstgegenstände, Umzugsgut, Tabakwaren, Alkohol/Spirituosen, Valoren jeder Art – z.B. Bargeld, Taschen- und Armbanduhren, Wertpapiere, Schmuck, Privateffekten, sofern es sich nicht um Arbeitsgeräte handelt: elektrische/elektronische Güter der Bereiche Telekommunikation, Datenverarbeitung, Foto-, Video- und Unterhaltungselektronik.
Extra-Leistungen sind ohne Mehrbeitrag inklusive: Schadenabwendung, -minderung und feststellung, Aufräumkosten sowie Aufwendungen zur Bergung, Beseitigung und Vernichtung von beschädigten oder zerstörten versicherten Gütern, Kosten für Schäden und Verluste infolge eines versicherten Schadens am Reisegepäck der Transportbegleiter bis 1.000 €.
Bonitätsprüfungen und professionelles Forderungsmanagement sind inklusive.
Der Sicherheits-Check für Ihren Betrieb, Handwerker-Service, Psychologische Soforthilfe nach einem Einbruch oder Raub, ARAG Online Rechts-Service sind weitere Pluspunkte, die für unsere Werkverkehrsversicherung sprechen.
Die Werkverkehrsversicherung kann bei Ihrem ARAG Berater vor Ort abgeschlossen werden.
Im Schadensfall ist die ARAG rund um die Uhr erreichbar.
axa information : Product Name: Autoinhaltsversicherung
Details: Mit der AXA Autoinhaltsversicherung können alle Güter, die Sie in Ihrem Fahrzeug oder Ihrem Anhänger transportieren, abgesichert werden.
Werkzeuge, Material und Ersatzteile ebenso versichert werden wie Verkaufs- und Reparaturware oder eingekaufte Rohstoffe und Zubehörteile.
Sollten Sie die Transporte im Rahmen des gewerblichen Güterverkehrs als Kurier, Frachtführer, Spediteur etc. durchführen, kann die Absicherung im Rahmen der AXA Verkehrshaftungs-Versicherung erfolgen.
Die Autoinhaltsversicherung der AXA sichert Sie bei Schäden an den transportierten Gütern gegen finanzielle Einbußen ab und zwar bei Einbruch in das Kraftfahrzeug und Entwendung des Fahrzeugs, Unfall des Kraftfahrzeugs und Unfall des Transportmittels beim Be- und Entladen des Fahrzeugs, Brand-, Blitz- und Explosionsschäden und höhere Gewalt, Raub der versicherten Sachen.
Ergänzen Sie Ihre Autoinhaltsversicherung um eine Ausstellungsversicherung, wenn Sie Ihre Ware während einer Messe oder Ausstellung zeigen.
Versichert sind Ihre Waren während der Transporte zu und von Messen/Ausstellungen, der Auf- und Abbautage sowie der Dauer der Ausstellung.
Und falls Sie mehrere Mitarbeiter haben, die in Ihrem Auftrag unterwegs sind, können Sie als Service für Ihre Mitarbeiter eine Firmenreisegepäckversicherung bei der AXA abschließen.
AXA bietet Ihnen weitere Ergänzungen an, mit denen Sie Ihre Autoinhaltsversicherung individuell erweitern können: Versicherung des Nachtzeitrisikos (BRD und westeuropäische Anrainerstaaten) für Einbruch in das Kraftfahrzeug, Diebstahl oder Unterschlagung des Kraftfahrzeuges auch in der Zeit zwischen 22 Uhr und 6 Uhr, Mitversicherung einer Musterkollektion.
Mit unserer Autoinhaltsversicherung sind Sie in allen Fällen bestens abgesichert.
Product Name: Transportversicherung
Details: Finanzielle Absicherung für weltweiten Handel, bietet wirtschaftliche Stabilität, Sicherheit und Flexibilität
Versichert Güter von Haus zu Haus gegen Gefahren, die sich im Laufe eines Transportes ergeben können
Absicherung von Bezugs- und Versandtransporten von gekauften oder verkauften Gütern durch Händler, Roh-, Hilfs- und Betriebsstoffen zur Produktion, Weiterverarbeitung von Gütern und Hin- und Rücktransporte bei Ausstellungen von Waren
Bietet finanzielle Absicherung und minimiert wirtschaftliches Risiko
Die Industrie Select Transportwarenversicherung ist eine optimale Versicherungslösung für komplexe Transportrisiken
Bietet umfassenden Versicherungsschutz, der relevante Risiken nahezu weltweit abdeckt
Individuelle Ermittlung und Vereinbarung benötigter Deckungssummen, insbesondere je Transportmittel und je feuertechnisch getrenntem Lagerort
Weitere Risiken, wie z. B. Teilnahme an Messen/Ausstellungen oder betrieblich bedingte Mitarbeiterumzüge, sind zusätzlich versicherbar
Verlässliche und hohe Absicherung vielfältigster Kostenpositionen, z. B. Bergungs- und Beseitigungskosten, Expresszuschläge etc.
Transparente Versicherungsbedingungen: alles kompakt in einem Dokument – übersichtlich und verständlich
Kontinuierliche Begleitung – auch bei einer Expansion Ihres Unternehmens durch Tochterunternehmen im Ausland
Bietet Risikoberatung und -begleitung, von der Auswahl der richtigen Verpackung über die Sicherung der Ladung im Transportmittel bis hin zu wertvollen Tipps zur Überwachung der Be- und Entladung
Bietet AXA International Services für globale Expansion und optimalen Versicherungsschutz über Ländergrenzen hinweg
Transport-Güterversicherungszertifikat Online-Portal für eigenständige Erstellung von Güterversicherungszertifikaten
Greift im Schadensfall, z.B. bei Unwetter auf hoher See, Autobahnunfall oder Luftverkehr
Bietet spezielle Lösung für Transporte eigener Waren mit eigenen Fahrzeugen.


Create a table in a markdown format with three columns : Feature, arag, axa"
arag,axa,Geschäftsinhaltsversicherung,"Product Name: Inhaltsversicherung
Details: Schützt die Sachwerte Ihrer Firma, die die Grundlage des Betriebs bilden.
Sichert Ihr Inventar mit bis zu 2 Millionen Euro gegen Risiken wie Feuer, Einbruch und Raub, Rohrbruch ab.
Versichert sind die Betriebseinrichtung und Betriebsausstattung sowie alle Waren und Vorräte zum Neuwert.
Bietet eine individuelle Versicherungslösung, die genau auf Ihren Bedarf und Ihre Branche abgestimmt ist.
Bietet verschiedene Module zur Absicherung gegen Risiken wie Feuer, Einbruchdiebstahl, Leitungswasser, Sturm und Hagel, unbenannte Gefahren und Glasbruch.
Ideal für kleine bis mittelständische Betriebe in Handel, Handwerk und Dienstleistung, für Selbständige und Freiberufler.
Bietet zusätzliche Leistungsergänzungen ohne Mehrbeitrag, wie z.B. keine Leistungskürzung aufgrund grob fahrlässiger Schadenverursachung, keine Anrechnung einer Unterversicherung bei Schäden bis 10 % der Versicherungssumme und maximal 100.000 €, Ausstellungsware im fremden Eigentum bis zur Versicherungssumme, Arzttaschen und -koffer zum Zeitwert bis 5.000 €, Firmen- und Praxisschilder bis 2.000 €.
Bietet zusätzliche Leistungen im Rahmen der Schadenbehebung, wie z.B. Beseitigen von Beschädigungen an Gebäuden, Schaukästen, Vitrinen bis zur Versicherungssumme, Mehrkosten für umweltschonende Hauswirtschaftsgeräte bis 25.000 €, Mehrkosten durch Technologiefortschritt bis zur Versicherungssumme, Eigenregiekosten ab 10.000 € Schaden bis 1.000 €, Provisorische Sicherungsmaßnahmen bis 10.000 €.
Bietet bei Umzug eine parallele Versicherung für den alten und den neuen Standort für drei Monate ohne zusätzlichen Beitrag.
Bietet Zugang zum ARAG Online Rechts-Service mit kostenlosen rechtlich geprüften Musterdokumenten.
Bietet Bonitätsprüfungen und professionelles Forderungsmanagement zur Sicherstellung der Zahlungsfähigkeit von Kunden und schnellerem Erhalt von Geldern.
Bietet einen rund um die Uhr erreichbaren Schaden-Service.","Product Name: Inhaltsversicherung für Betriebe
Details: Schützt technische und kaufmännische Betriebseinrichtung wie Maschinen, Werkzeuge oder Büroausstattung sowie Waren und Vorräte zuverlässig gegen Schäden durch Feuer, Leitungswasser und Sturm/Hagel, böswillige Beschädigung, Einbruchdiebstahl inklusive Vandalismus und Raub, Elementargefahren wie Überschwemmung und Erdbeben.
Verbesserte Leistungen können in der Zukunft verlangt werden, wenn sich diese bei AXA verbessern.
Versicherungsschutz besteht auch für Daten, wie Auftrags- und Inventarlisten, Programme und Kundendaten, wenn diese durch einen Sachschaden zerstört oder beschädigt werden.
Im Schadenfall wird die Wiederherstellung oder Wiederbeschaffung der gesamten technischen und kaufmännischen Betriebseinrichtung inklusive der Waren und Vorräte übernommen.
Übernahme der Wiederherstellungskosten für Geschäftsunterlagen sowie Daten und Programme auch wenn diese individuell nur für Ihren Betrieb erstellt worden sind.
Entschädigung generell zum Neuwert, wenn sich die vom Schaden betroffene Betriebseinrichtung noch im Gebrauch befand oder gebrauchsfähig war.
Übernahme weiterer Kosten wie Aufräumungs- und Abbruchkosten, Bewegungs- und Schutzkosten, Feuerlöschkosten, Kosten zur Dekontamination von Erdreich, Mehrkosten durch Technologiefortschritt, durch behördliche Wiederherstellungsbeschränkungen sowie durch Preissteigerungen zwischen dem Eintritt des Versicherungsfalles und der Wiederherstellung oder Wiederbeschaffung, Kosten für provisorische Sicherungsmaßnahmen, Schlossänderungen oder die Beseitigung von Gebäudebeschädigungen nach einem Einbruch, Sachverständigenkosten.
Für landwirtschaftliche Betriebe sind spezielle Schadenszenarien mitversichert.
Empfohlene Ergänzung mit einer Ertragsausfallversicherung und einer Betriebsschließungsversicherung.
Teil des Profi-Schutz Pakets von AXA, das eine Rundum-Absicherung bietet und individuell zusammengestellt werden kann.","Here is a comparison table in markdown format for the Geschäftsinhaltsversicherung products offered by ARAG and AXA:

```markdown
| Feature                                                                 | ARAG                                                                 | AXA                                                                 |
|-------------------------------------------------------------------------|----------------------------------------------------------------------|---------------------------------------------------------------------|
| **Product Name**                                                        | Inhaltsversicherung                                                  | Inhaltsversicherung für Betriebe                                    |
| **Coverage for Business Assets**                                        | Up to 2 million Euro for risks like fire, burglary, and robbery      | Covers technical and commercial equipment, goods, and supplies      |
| **Coverage for Risks**                                                  | Fire, burglary, water damage, storm, hail, unnamed risks, glass break | Fire, water damage, storm/hail, malicious damage, burglary, vandalism, robbery, natural hazards like flood and earthquake |
| **Coverage for Data**                                                   | Not specified                                                        | Covers data like order and inventory lists, programs, and customer data |
| **Compensation Value**                                                  | New value                                                            | New value if the equipment was in use or usable                     |
| **Additional Costs Covered**                                            | Environmental-friendly appliances, technology advancement, provisional security measures, etc. | Cleanup, demolition, movement and protection, fire extinguishing, decontamination, technology advancement, regulatory restrictions, price increases, provisional security measures, lock changes, building damage repair |
| **Special Features**                                                    | No reduction for gross negligence, no underinsurance deduction for damages up to 10% of the sum insured, exhibition goods, medical bags, company signs | Special scenarios for agricultural businesses, recommended addition of business interruption and closure insurance |
| **Additional Services**                                                 | Online legal service, credit checks, professional claims management  | Part of the Profi-Schutz package for comprehensive coverage         |
| **Relocation Coverage**                                                 | Parallel coverage for old and new location for three months          | Not specified                                                        |
| **24/7 Claims Service**                                                 | Yes                                                                  | Not specified                                                        |
```

This table provides a side-by-side comparison of the key features and offerings of the business contents insurance products from ARAG and AXA.","Compare two companies : arag,  axa 
Given category : Geschäftsinhaltsversicherung
arag information : Product Name: Inhaltsversicherung
Details: Schützt die Sachwerte Ihrer Firma, die die Grundlage des Betriebs bilden.
Sichert Ihr Inventar mit bis zu 2 Millionen Euro gegen Risiken wie Feuer, Einbruch und Raub, Rohrbruch ab.
Versichert sind die Betriebseinrichtung und Betriebsausstattung sowie alle Waren und Vorräte zum Neuwert.
Bietet eine individuelle Versicherungslösung, die genau auf Ihren Bedarf und Ihre Branche abgestimmt ist.
Bietet verschiedene Module zur Absicherung gegen Risiken wie Feuer, Einbruchdiebstahl, Leitungswasser, Sturm und Hagel, unbenannte Gefahren und Glasbruch.
Ideal für kleine bis mittelständische Betriebe in Handel, Handwerk und Dienstleistung, für Selbständige und Freiberufler.
Bietet zusätzliche Leistungsergänzungen ohne Mehrbeitrag, wie z.B. keine Leistungskürzung aufgrund grob fahrlässiger Schadenverursachung, keine Anrechnung einer Unterversicherung bei Schäden bis 10 % der Versicherungssumme und maximal 100.000 €, Ausstellungsware im fremden Eigentum bis zur Versicherungssumme, Arzttaschen und -koffer zum Zeitwert bis 5.000 €, Firmen- und Praxisschilder bis 2.000 €.
Bietet zusätzliche Leistungen im Rahmen der Schadenbehebung, wie z.B. Beseitigen von Beschädigungen an Gebäuden, Schaukästen, Vitrinen bis zur Versicherungssumme, Mehrkosten für umweltschonende Hauswirtschaftsgeräte bis 25.000 €, Mehrkosten durch Technologiefortschritt bis zur Versicherungssumme, Eigenregiekosten ab 10.000 € Schaden bis 1.000 €, Provisorische Sicherungsmaßnahmen bis 10.000 €.
Bietet bei Umzug eine parallele Versicherung für den alten und den neuen Standort für drei Monate ohne zusätzlichen Beitrag.
Bietet Zugang zum ARAG Online Rechts-Service mit kostenlosen rechtlich geprüften Musterdokumenten.
Bietet Bonitätsprüfungen und professionelles Forderungsmanagement zur Sicherstellung der Zahlungsfähigkeit von Kunden und schnellerem Erhalt von Geldern.
Bietet einen rund um die Uhr erreichbaren Schaden-Service.
axa information : Product Name: Inhaltsversicherung für Betriebe
Details: Schützt technische und kaufmännische Betriebseinrichtung wie Maschinen, Werkzeuge oder Büroausstattung sowie Waren und Vorräte zuverlässig gegen Schäden durch Feuer, Leitungswasser und Sturm/Hagel, böswillige Beschädigung, Einbruchdiebstahl inklusive Vandalismus und Raub, Elementargefahren wie Überschwemmung und Erdbeben.
Verbesserte Leistungen können in der Zukunft verlangt werden, wenn sich diese bei AXA verbessern.
Versicherungsschutz besteht auch für Daten, wie Auftrags- und Inventarlisten, Programme und Kundendaten, wenn diese durch einen Sachschaden zerstört oder beschädigt werden.
Im Schadenfall wird die Wiederherstellung oder Wiederbeschaffung der gesamten technischen und kaufmännischen Betriebseinrichtung inklusive der Waren und Vorräte übernommen.
Übernahme der Wiederherstellungskosten für Geschäftsunterlagen sowie Daten und Programme auch wenn diese individuell nur für Ihren Betrieb erstellt worden sind.
Entschädigung generell zum Neuwert, wenn sich die vom Schaden betroffene Betriebseinrichtung noch im Gebrauch befand oder gebrauchsfähig war.
Übernahme weiterer Kosten wie Aufräumungs- und Abbruchkosten, Bewegungs- und Schutzkosten, Feuerlöschkosten, Kosten zur Dekontamination von Erdreich, Mehrkosten durch Technologiefortschritt, durch behördliche Wiederherstellungsbeschränkungen sowie durch Preissteigerungen zwischen dem Eintritt des Versicherungsfalles und der Wiederherstellung oder Wiederbeschaffung, Kosten für provisorische Sicherungsmaßnahmen, Schlossänderungen oder die Beseitigung von Gebäudebeschädigungen nach einem Einbruch, Sachverständigenkosten.
Für landwirtschaftliche Betriebe sind spezielle Schadenszenarien mitversichert.
Empfohlene Ergänzung mit einer Ertragsausfallversicherung und einer Betriebsschließungsversicherung.
Teil des Profi-Schutz Pakets von AXA, das eine Rundum-Absicherung bietet und individuell zusammengestellt werden kann.


Create a table in a markdown format with three columns : Feature, arag, axa"
arag,axa,Reiseversicherung,"Product Name: Top-Schutzbrief
Details: Bietet Unterstützung in Notsituationen rund um die Uhr, 365 Tage im Jahr.
Umfasst Europa- oder weltweiten Schutzbrief für Pannen oder Unfälle.
Bietet umfangreiche Leistungen für Soforthilfe unterwegs.
Inklusive Rechtsberatung von Experten.
Optional mit Auslandskrankenversicherung kombinierbar.
Bietet Hilfe bei Krankheit oder Unfall, Mobilitäts-Hilfe, Pannenhilfe, Verlust von Gegenständen und Betreuungsleistungen.
Bietet Unterstützung bei Notfällen zu Hause wie Handwerker-Service, Kinder- und Haustierbetreuung, Schlüssel-Service und Haushüter-Service.
In der Familien-Version sind in häuslicher Gemeinschaft lebende Ehepartner, eingetragene Partner oder sonstige Lebenspartner und die mit Ihnen in häuslicher Gemeinschaft lebenden minderjährigen Kinder mitversichert.
Bietet Unterstützung bei Fahrzeugausfall auch für berechtigte Fahrer und Insassen.
Bietet vielfältigen Support bei einer Reise.
Bietet Unterstützung bei Ausfall von Bus & Bahn.
Bietet Hilfe bei Notfällen auf Reisen wie 24h Notruf Service, Soforthilfe, Kostenübernahmegarantie gegenüber Krankenhäusern, Krankenrücktransport, Übernachtungskosten, Such-, Rettungs- und Bergungskosten, medizinische Hilfsmittel, Krankenbesuch, außerplanmäßige Heimreise, Hilfe in besonderen Notfällen, Rückholung von Haustieren, Arzneimittel und Brillenversand ins Ausland, Hilfe bei Verlust von Reisedokumenten, Bestattungs- oder Überführungskosten, Hilfe bei Insolvenz des Reisveranstalters und Strafverfolgung im Ausland.
Bietet Zugang zu einer umfassenden juristischen Online-Datenbank mit rund 1.000 rechtlich geprüften Musterdokumenten zu unterschiedlichen Rechtsthemen.
Bietet Unterstützung bei rechtlichen Problemen auf Reisen.
Bietet Unterstützung bei Verlust von Jahreskarten des öffentlichen Personennah- und Fernverkehrs.
Bietet Unterstützung bei Ausfall des Fahrzeugs wie Pannen- und Unfallhilfe, Abschleppen zur Fachwerkstatt oder Wunschwerkstatt, Mietwagen, Fahrtkosten für die Weiter- oder Rückfahrt nach Fahrzeugausfall, Übernachtungskosten bei Fahrzeugausfällen, Bergungskosten, Fahrzeugrücktransport, Fahrzeugunterstellung, Ersatzteilversand im Ausland, Hilfe bei verlorenen / defekten Fahrzeugschlüssel.
Versichert eigene Pkw, Fremde Pkw (inkl. Mietwagen), Motorräder, Wohnmobile bis 4,0t; Anhänger und Fahrräder/ E-Bikes.
Bietet Unterstützung bei Ausfall von Bus & Bahn wie Weiterfahrt- und Übernachtungsservice wegen Verspätung eines öffentlichen Verkehrsmittels im Inland, Rückfahrtservice bei Einstellung des ÖPNVs im Winter, Verlust von Jahreskarten des öffentlichen Personennah- und Fernverkehrs.
Bietet Hilfe bei Notfällen auf Reisen wie 24h Notruf Service, Soforthilfe, Kostenübernahmegarantie gegenüber Krankenhäusern, Krankenrücktransport, Übernachtungskosten, Such-, Rettungs- und Bergungskosten, Überbrückungshilfe bei Schwerstverletzung, Medizinische Hilfsmittel, Krankenbesuch, Außerplanmäßige Heimreise, Hilfe in besonderen Notfällen, Rückholung von Haustieren, Arzneimittel und Brillenversand ins Ausland, Hilfe bei Verlust von Reisedokumenten, Bestattungs- oder Überführungskosten, Hilfe bei Insolvenz des Reisveranstalters, Strafverfolgung im Ausland.
Bietet Unterstützung bei Ausfall des Fahrzeugs wie Pannen- und Unfallhilfe, Abschleppen zur Fachwerkstatt oder Wunschwerkstatt, Mietwagen, Fahrtkosten für die Weiter- oder Rückfahrt nach Fahrzeugausfall, Übernachtungskosten bei Fahrzeugausfällen, Bergungskosten, Fahrzeugrücktransport, Fahrzeugunterstellung, Ersatzteilversand im Ausland, Hilfe bei verlorenen / defekten Fahrzeugschlüssel.
Vers
Product Name: ARAG Camper-Schutz
Details: Wohnmobilversicherung für Rundumschutz unterwegs
Schutz für Gepäck und Inventar
Pannenhilfe und mehr
ARAG Verkehrsrechtsschutz
Optional mit Auslandskrankenversicherung
Ausgezeichneter Schaden-Service
Ideale Lösungen für Camper
Drei Produkt-Bausteine: ARAG Camper Haushaltsschutz, ARAG Verkehrsrechtsschutz, Top-Schutzbrief inkl. Pannenhilfe im In- & Ausland
Umfassende Hilfe, falls etwas passiert
Präventive Aktivitäten wie Urlaubs-Service mit House-Sitting, Sicherheits-Check für Ihr Zuhause, Umzugs-Service
Notfall-Rufnummern für verschiedene Situationen
Versicherungsschutz für privat genutzte Wohnwagen und Wohnmobile
Schutz gilt in ganz Europa, Marokko, Tunesien und dem asiatischen Teil der Türkei
Keine Versicherung für Vorzelte und Pavillons
Kein Diebstahlschutz für den Inhalt von Vorzelten.
Product Name: Reiseversicherung für Sportvereine
Details: Umfassende Absicherung für Organisatoren und Teilnehmer
Veranstalter-Haftpflichtversicherung einschließlich der gesetzlich vorgeschriebenen Insolvenzabsicherung (Kautionsversicherung) für je Reiseteilnehmer nur 0,61 € – unabhängig von der Reisedauer
Möglichkeit zur Beantragung von Sicherungsscheinen
Optionale Absicherung für Reiseteilnehmer durch Unfall-, Haftpflicht-, Reisegepäck- und Auslands-Krankenversicherung
Kombination mit der Veranstalter-Haftpflichtversicherung ermöglicht auch eine Insolvenzabsicherung für Reiseveranstalter
Versicherter Bereich umfasst die gesetzliche Haftpflicht des Vereins als Reiseveranstalter sowie die persönliche gesetzliche Haftpflicht der vom Verein mit der Durchführung der Veranstaltung beauftragten Personen
Kautionsversicherung übernimmt für den Verein als Reiseveranstalter gegenüber dem Reisenden die Bürgschaft gemäß den gesetzlichen Forderungen nach § 651 r BGB für die Erstattung des gezahlten Reisepreises, soweit Reiseleistungen infolge Zahlungsunfähigkeit oder Konkurses des Vereins als Reiseveranstalters ausfallen
Optionaler Schutz für Reiseteilnehmer durch Haftpflichtversicherung, Unfallversicherung, Reisegepäckversicherung und Auslandsreise-Krankenversicherung
Möglichkeit zur Online-, Vor-Ort-, Postalischen oder Telefonischen Absicherung
Unterstützung und Beratung durch Ansprechpartner der Sportversicherungsbüros bei den Landessportbünden.
Product Name: Auslandsreisekrankenversicherung
Details: Behandlungskosten: In den ersten 42 Tagen Ihrer Reise übernehmen wir 100 %.
Rücktransport: Wir zahlen medizinisch sinnvolle und vertretbare Rückführungen.
24/7 ARAG-Notruf: Wir sind täglich und rund um die Uhr für Sie da.
Keine Selbstbeteiligung: Wenn Sie privat krankenversichert sind.
Auslandskrankenschutz für Singles ab 8,00 €/jährlich
Auslandskrankenschutz für Familien ab 24,00 €/jährlich
Versicherungsschutz gilt weltweit
Übernahme von 100% der Behandlungskosten in den ersten 42 Tagen der Auslandsreise
Deckung für ambulante Behandlungen, stationäre Behandlungen, Zahnbehandlung, Krankentransport und Rücktransport
Übernahme der Überführung ins Heimatland oder die Bestattung im Ausland bis maximal 10.250 € im Todesfall
Schutz auch im Falle einer Erkrankung durch das Coronavirus während der Auslandsreise
Möglichkeit, einen Komplettschutz für die ganze Familie abzuschließen
Deckung für medizinisch sinnvolle Rücktransporte aus dem Ausland
Möglichkeit, die Versicherung online abzuschließen
24-Stunden-Hotline für Beratung und Unterstützung im Krankheitsfall
Möglichkeit, Leistungen digital mit der kostenlosen ARAG GesundheitsApp abzurechnen.
Product Name: ARAG Reiseversicherung
Details: Weitreichender Schutz für die genaue Reisedauer, sogar bis zu 90 Tage je Reise. Rund um den Globus oder europaweit.
Reiserücktritt- und Auslandskrankenversicherung: Das perfekte Duo für Ihren Schutz
Reisegepäckversicherung: Damit ein beschädigter oder verlorener Koffer nicht Ihren Urlaub verdirbt
Sofort-Leistungen: Schnelle Unterstützung in Notsituationen
Ihr Anwalt reist mit: Reiserechtsschutz inklusive
24-Stunden-Hotline für schnelle Hilfe auf einer Reise
Internationales Anwaltstelefon – Ihre Erstberatung
Flugverspätungsrechner zur Ermittlung einer möglichen Entschädigung
Auslandskrankenversicherung: Übernahme der Kosten für notwendige medizinische Behandlungen
Reiserücktrittsschutz: Übernahme der Kosten, wenn die geplante Anreise nicht angetreten oder umgebucht werden muss
Reisegepäck-Versicherung: Ersatz für beschädigtes oder gestohlenes Gepäck
Reise-Rechtsschutz: Unterstützung bei Ärger mit dem Reiseveranstalter, der Fluglinie oder dem Hotel
Sofort-Leistungen: Schnelle Hilfe in Notfallsituationen, zum Beispiel bei Unfall, Fahrzeugausfall oder bei Verlust wichtiger Dokumente im In- und Ausland.","Product Name: Auslandskrankenversicherung
Details: Versicherungsschutz für medizinisch notwendige Behandlungen im Ausland, sowohl für Urlaubs- als auch Geschäftsreisen
Kostenübernahme für Behandlungen außerhalb Europas, die sonst vom gesetzlich Versicherten selbst getragen werden müssten
Einfacher Online-Abschluss ohne Gesundheitsfragen und ohne Selbstbehalt
Günstige Tarife ab 7,92 Euro pro Person/Jahr
Rund-um-die-Uhr erreichbares Serviceteam
Garantierte Leistungen bei jeder Auslandsreise, ob privat oder beruflich
100% Kostenerstattung für ambulante Heilbehandlungen als Privatpatient inklusive verordneter Medikamente, zahlreiche Heilmittel, schmerzstillende zahnärztliche Behandlungen, Krankenhausbehandlungen inklusive Operationen als Privatpatient, und medizinisch sinnvolle und vertretbare Rücktransporte aus dem Ausland
Leistungsgarantie auch über 56 Tage hinaus, wenn die Rückreise ohne Gefährdung der Gesundheit nicht möglich ist
Mindestlaufzeit des Vertrages beträgt ein Jahr und ist mit einer Frist von einem Monat kündbar
Tarif für Einzelpolice für einmalige Reisen (bis zu 1 Jahr) verfügbar
Preisbeispiele für längere Auslandsreisen verfügbar
Online-Beantragung möglich, Antrag dient bereits als Versicherungsbestätigung
Virtueller Assistent für Fragen rund um die Uhr verfügbar
Möglichkeit zur Beantragung einer Bescheinigung über bestehende Krankenversicherung für einen vorübergehenden Auslandsaufenthalt.
Product Name: AXA Reiseversicherung
Details: Versicherungsschutz mit maximaler Flexibilität und für höchste Fahr-Ansprüche.
Bietet Schutz vor Schadenersatzforderungen, damit man nicht mit seinem Privatvermögen haften muss.
Individueller Versicherungsschutz für Hab und Gut.
Erstklassige medizinische Versorgung.
Private Rentenversicherung und Betriebliche Rentenversicherung.
Berufsunfähigkeitsversicherung und Existenzschutzversicherung.
Inhaltsversicherung und Betriebsgebäude Transportversicherung.
Betriebshaftpflichtversicherung und Berufshaftpflichtversicherung.
Kautionsversicherung und Zusatzinformationen Bürgschaft und Kaution.
Factoring und Firmenleasing.
Ganzheitliche Mitarbeiterabsicherung und Betriebliche Altersversorgung.
Kfz-Flottenversicherung und Cyber-Versicherung.
AXA International Services und Luftfahrtversicherung.
Gewerblicher Rechtsschutz.
Reiseversicherung inkl. Reiserücktrittsversicherung.
Einfach online abschließen und mit der nächsten E-Mail Ihre Versicherungspolice erhalten.
Renommierter Versicherungsdienstleister der Welt.
Ausgezeichnetes Preis-Leistungs-Verhältnis und ein an Ihre Bedürfnisse angepassten Rundum-Schutz für Ihre Reise.
Deckungssumme: Für eine Reise: bis 25.000 Euro / Für eine Jahrespolice bis 10.000 Euro Einzelperson / 15.000 Euro Familie.
Reiseabbruch- und Reiserücktrittsversicherung bereits bei Abbruch in der ersten Reisehälfte.
Reiseassistance: Telefon-Hotline und App Travel Eye.
Quarantänekostenversicherung.
Reiseunannehmlichkeiten-Versicherung für Verpflegungsaufwendungen (z.B. bei Flug- oder Gepäckverspätung).
Reisegepäckversicherung und Reiseunfallversicherung.
Aktivitätsversicherung: Reparatur/Ersatz beschädigter oder zerstörter Sportgeräte, Übernahme von Rettungs- und Bergungskosten.
Auslandskrankenversicherung als optionaler Baustein der Reiseversicherung.
Telemedizinische Assistance jeden Tag rund um die Uhr Zugang zu einem deutschsprachigen Arzt.
Selbstbehalt wählbar: entweder 20 % des erstattungsfähigen Schadens, mindestens jedoch 25 EUR pro versicherte Person.
Schutz auch im Falle einer Infektion mit COVID 19 oder einem vergleichbaren Virus.
Übernahme der Kosten einer krankheitsbedingten Reiseverlängerung sowie die Umbuchungskosten Ihres Rückflugs – und das bis zu 3.500 Euro pro Person.
Greift im Falle einer Naturkatastrophe, wenn die Katastrophe Sie daran hindert, die Reise mit dem gebuchten Beförderungsunternehmen anzutreten und/oder die gewünschte Unterkunft am Reiseort zu beziehen, sofern Sie vom Veranstalter keinen Ersatz erhalten.","Here's a comparison table in markdown format for the travel insurance offerings of ARAG and AXA:

```markdown
| Feature                                                                 | ARAG","Compare two companies : arag,  axa 
Given category : Reiseversicherung
arag information : Product Name: Top-Schutzbrief
Details: Bietet Unterstützung in Notsituationen rund um die Uhr, 365 Tage im Jahr.
Umfasst Europa- oder weltweiten Schutzbrief für Pannen oder Unfälle.
Bietet umfangreiche Leistungen für Soforthilfe unterwegs.
Inklusive Rechtsberatung von Experten.
Optional mit Auslandskrankenversicherung kombinierbar.
Bietet Hilfe bei Krankheit oder Unfall, Mobilitäts-Hilfe, Pannenhilfe, Verlust von Gegenständen und Betreuungsleistungen.
Bietet Unterstützung bei Notfällen zu Hause wie Handwerker-Service, Kinder- und Haustierbetreuung, Schlüssel-Service und Haushüter-Service.
In der Familien-Version sind in häuslicher Gemeinschaft lebende Ehepartner, eingetragene Partner oder sonstige Lebenspartner und die mit Ihnen in häuslicher Gemeinschaft lebenden minderjährigen Kinder mitversichert.
Bietet Unterstützung bei Fahrzeugausfall auch für berechtigte Fahrer und Insassen.
Bietet vielfältigen Support bei einer Reise.
Bietet Unterstützung bei Ausfall von Bus & Bahn.
Bietet Hilfe bei Notfällen auf Reisen wie 24h Notruf Service, Soforthilfe, Kostenübernahmegarantie gegenüber Krankenhäusern, Krankenrücktransport, Übernachtungskosten, Such-, Rettungs- und Bergungskosten, medizinische Hilfsmittel, Krankenbesuch, außerplanmäßige Heimreise, Hilfe in besonderen Notfällen, Rückholung von Haustieren, Arzneimittel und Brillenversand ins Ausland, Hilfe bei Verlust von Reisedokumenten, Bestattungs- oder Überführungskosten, Hilfe bei Insolvenz des Reisveranstalters und Strafverfolgung im Ausland.
Bietet Zugang zu einer umfassenden juristischen Online-Datenbank mit rund 1.000 rechtlich geprüften Musterdokumenten zu unterschiedlichen Rechtsthemen.
Bietet Unterstützung bei rechtlichen Problemen auf Reisen.
Bietet Unterstützung bei Verlust von Jahreskarten des öffentlichen Personennah- und Fernverkehrs.
Bietet Unterstützung bei Ausfall des Fahrzeugs wie Pannen- und Unfallhilfe, Abschleppen zur Fachwerkstatt oder Wunschwerkstatt, Mietwagen, Fahrtkosten für die Weiter- oder Rückfahrt nach Fahrzeugausfall, Übernachtungskosten bei Fahrzeugausfällen, Bergungskosten, Fahrzeugrücktransport, Fahrzeugunterstellung, Ersatzteilversand im Ausland, Hilfe bei verlorenen / defekten Fahrzeugschlüssel.
Versichert eigene Pkw, Fremde Pkw (inkl. Mietwagen), Motorräder, Wohnmobile bis 4,0t; Anhänger und Fahrräder/ E-Bikes.
Bietet Unterstützung bei Ausfall von Bus & Bahn wie Weiterfahrt- und Übernachtungsservice wegen Verspätung eines öffentlichen Verkehrsmittels im Inland, Rückfahrtservice bei Einstellung des ÖPNVs im Winter, Verlust von Jahreskarten des öffentlichen Personennah- und Fernverkehrs.
Bietet Hilfe bei Notfällen auf Reisen wie 24h Notruf Service, Soforthilfe, Kostenübernahmegarantie gegenüber Krankenhäusern, Krankenrücktransport, Übernachtungskosten, Such-, Rettungs- und Bergungskosten, Überbrückungshilfe bei Schwerstverletzung, Medizinische Hilfsmittel, Krankenbesuch, Außerplanmäßige Heimreise, Hilfe in besonderen Notfällen, Rückholung von Haustieren, Arzneimittel und Brillenversand ins Ausland, Hilfe bei Verlust von Reisedokumenten, Bestattungs- oder Überführungskosten, Hilfe bei Insolvenz des Reisveranstalters, Strafverfolgung im Ausland.
Bietet Unterstützung bei Ausfall des Fahrzeugs wie Pannen- und Unfallhilfe, Abschleppen zur Fachwerkstatt oder Wunschwerkstatt, Mietwagen, Fahrtkosten für die Weiter- oder Rückfahrt nach Fahrzeugausfall, Übernachtungskosten bei Fahrzeugausfällen, Bergungskosten, Fahrzeugrücktransport, Fahrzeugunterstellung, Ersatzteilversand im Ausland, Hilfe bei verlorenen / defekten Fahrzeugschlüssel.
Vers
Product Name: ARAG Camper-Schutz
Details: Wohnmobilversicherung für Rundumschutz unterwegs
Schutz für Gepäck und Inventar
Pannenhilfe und mehr
ARAG Verkehrsrechtsschutz
Optional mit Auslandskrankenversicherung
Ausgezeichneter Schaden-Service
Ideale Lösungen für Camper
Drei Produkt-Bausteine: ARAG Camper Haushaltsschutz, ARAG Verkehrsrechtsschutz, Top-Schutzbrief inkl. Pannenhilfe im In- & Ausland
Umfassende Hilfe, falls etwas passiert
Präventive Aktivitäten wie Urlaubs-Service mit House-Sitting, Sicherheits-Check für Ihr Zuhause, Umzugs-Service
Notfall-Rufnummern für verschiedene Situationen
Versicherungsschutz für privat genutzte Wohnwagen und Wohnmobile
Schutz gilt in ganz Europa, Marokko, Tunesien und dem asiatischen Teil der Türkei
Keine Versicherung für Vorzelte und Pavillons
Kein Diebstahlschutz für den Inhalt von Vorzelten.
Product Name: Reiseversicherung für Sportvereine
Details: Umfassende Absicherung für Organisatoren und Teilnehmer
Veranstalter-Haftpflichtversicherung einschließlich der gesetzlich vorgeschriebenen Insolvenzabsicherung (Kautionsversicherung) für je Reiseteilnehmer nur 0,61 € – unabhängig von der Reisedauer
Möglichkeit zur Beantragung von Sicherungsscheinen
Optionale Absicherung für Reiseteilnehmer durch Unfall-, Haftpflicht-, Reisegepäck- und Auslands-Krankenversicherung
Kombination mit der Veranstalter-Haftpflichtversicherung ermöglicht auch eine Insolvenzabsicherung für Reiseveranstalter
Versicherter Bereich umfasst die gesetzliche Haftpflicht des Vereins als Reiseveranstalter sowie die persönliche gesetzliche Haftpflicht der vom Verein mit der Durchführung der Veranstaltung beauftragten Personen
Kautionsversicherung übernimmt für den Verein als Reiseveranstalter gegenüber dem Reisenden die Bürgschaft gemäß den gesetzlichen Forderungen nach § 651 r BGB für die Erstattung des gezahlten Reisepreises, soweit Reiseleistungen infolge Zahlungsunfähigkeit oder Konkurses des Vereins als Reiseveranstalters ausfallen
Optionaler Schutz für Reiseteilnehmer durch Haftpflichtversicherung, Unfallversicherung, Reisegepäckversicherung und Auslandsreise-Krankenversicherung
Möglichkeit zur Online-, Vor-Ort-, Postalischen oder Telefonischen Absicherung
Unterstützung und Beratung durch Ansprechpartner der Sportversicherungsbüros bei den Landessportbünden.
Product Name: Auslandsreisekrankenversicherung
Details: Behandlungskosten: In den ersten 42 Tagen Ihrer Reise übernehmen wir 100 %.
Rücktransport: Wir zahlen medizinisch sinnvolle und vertretbare Rückführungen.
24/7 ARAG-Notruf: Wir sind täglich und rund um die Uhr für Sie da.
Keine Selbstbeteiligung: Wenn Sie privat krankenversichert sind.
Auslandskrankenschutz für Singles ab 8,00 €/jährlich
Auslandskrankenschutz für Familien ab 24,00 €/jährlich
Versicherungsschutz gilt weltweit
Übernahme von 100% der Behandlungskosten in den ersten 42 Tagen der Auslandsreise
Deckung für ambulante Behandlungen, stationäre Behandlungen, Zahnbehandlung, Krankentransport und Rücktransport
Übernahme der Überführung ins Heimatland oder die Bestattung im Ausland bis maximal 10.250 € im Todesfall
Schutz auch im Falle einer Erkrankung durch das Coronavirus während der Auslandsreise
Möglichkeit, einen Komplettschutz für die ganze Familie abzuschließen
Deckung für medizinisch sinnvolle Rücktransporte aus dem Ausland
Möglichkeit, die Versicherung online abzuschließen
24-Stunden-Hotline für Beratung und Unterstützung im Krankheitsfall
Möglichkeit, Leistungen digital mit der kostenlosen ARAG GesundheitsApp abzurechnen.
Product Name: ARAG Reiseversicherung
Details: Weitreichender Schutz für die genaue Reisedauer, sogar bis zu 90 Tage je Reise. Rund um den Globus oder europaweit.
Reiserücktritt- und Auslandskrankenversicherung: Das perfekte Duo für Ihren Schutz
Reisegepäckversicherung: Damit ein beschädigter oder verlorener Koffer nicht Ihren Urlaub verdirbt
Sofort-Leistungen: Schnelle Unterstützung in Notsituationen
Ihr Anwalt reist mit: Reiserechtsschutz inklusive
24-Stunden-Hotline für schnelle Hilfe auf einer Reise
Internationales Anwaltstelefon – Ihre Erstberatung
Flugverspätungsrechner zur Ermittlung einer möglichen Entschädigung
Auslandskrankenversicherung: Übernahme der Kosten für notwendige medizinische Behandlungen
Reiserücktrittsschutz: Übernahme der Kosten, wenn die geplante Anreise nicht angetreten oder umgebucht werden muss
Reisegepäck-Versicherung: Ersatz für beschädigtes oder gestohlenes Gepäck
Reise-Rechtsschutz: Unterstützung bei Ärger mit dem Reiseveranstalter, der Fluglinie oder dem Hotel
Sofort-Leistungen: Schnelle Hilfe in Notfallsituationen, zum Beispiel bei Unfall, Fahrzeugausfall oder bei Verlust wichtiger Dokumente im In- und Ausland.
axa information : Product Name: Auslandskrankenversicherung
Details: Versicherungsschutz für medizinisch notwendige Behandlungen im Ausland, sowohl für Urlaubs- als auch Geschäftsreisen
Kostenübernahme für Behandlungen außerhalb Europas, die sonst vom gesetzlich Versicherten selbst getragen werden müssten
Einfacher Online-Abschluss ohne Gesundheitsfragen und ohne Selbstbehalt
Günstige Tarife ab 7,92 Euro pro Person/Jahr
Rund-um-die-Uhr erreichbares Serviceteam
Garantierte Leistungen bei jeder Auslandsreise, ob privat oder beruflich
100% Kostenerstattung für ambulante Heilbehandlungen als Privatpatient inklusive verordneter Medikamente, zahlreiche Heilmittel, schmerzstillende zahnärztliche Behandlungen, Krankenhausbehandlungen inklusive Operationen als Privatpatient, und medizinisch sinnvolle und vertretbare Rücktransporte aus dem Ausland
Leistungsgarantie auch über 56 Tage hinaus, wenn die Rückreise ohne Gefährdung der Gesundheit nicht möglich ist
Mindestlaufzeit des Vertrages beträgt ein Jahr und ist mit einer Frist von einem Monat kündbar
Tarif für Einzelpolice für einmalige Reisen (bis zu 1 Jahr) verfügbar
Preisbeispiele für längere Auslandsreisen verfügbar
Online-Beantragung möglich, Antrag dient bereits als Versicherungsbestätigung
Virtueller Assistent für Fragen rund um die Uhr verfügbar
Möglichkeit zur Beantragung einer Bescheinigung über bestehende Krankenversicherung für einen vorübergehenden Auslandsaufenthalt.
Product Name: AXA Reiseversicherung
Details: Versicherungsschutz mit maximaler Flexibilität und für höchste Fahr-Ansprüche.
Bietet Schutz vor Schadenersatzforderungen, damit man nicht mit seinem Privatvermögen haften muss.
Individueller Versicherungsschutz für Hab und Gut.
Erstklassige medizinische Versorgung.
Private Rentenversicherung und Betriebliche Rentenversicherung.
Berufsunfähigkeitsversicherung und Existenzschutzversicherung.
Inhaltsversicherung und Betriebsgebäude Transportversicherung.
Betriebshaftpflichtversicherung und Berufshaftpflichtversicherung.
Kautionsversicherung und Zusatzinformationen Bürgschaft und Kaution.
Factoring und Firmenleasing.
Ganzheitliche Mitarbeiterabsicherung und Betriebliche Altersversorgung.
Kfz-Flottenversicherung und Cyber-Versicherung.
AXA International Services und Luftfahrtversicherung.
Gewerblicher Rechtsschutz.
Reiseversicherung inkl. Reiserücktrittsversicherung.
Einfach online abschließen und mit der nächsten E-Mail Ihre Versicherungspolice erhalten.
Renommierter Versicherungsdienstleister der Welt.
Ausgezeichnetes Preis-Leistungs-Verhältnis und ein an Ihre Bedürfnisse angepassten Rundum-Schutz für Ihre Reise.
Deckungssumme: Für eine Reise: bis 25.000 Euro / Für eine Jahrespolice bis 10.000 Euro Einzelperson / 15.000 Euro Familie.
Reiseabbruch- und Reiserücktrittsversicherung bereits bei Abbruch in der ersten Reisehälfte.
Reiseassistance: Telefon-Hotline und App Travel Eye.
Quarantänekostenversicherung.
Reiseunannehmlichkeiten-Versicherung für Verpflegungsaufwendungen (z.B. bei Flug- oder Gepäckverspätung).
Reisegepäckversicherung und Reiseunfallversicherung.
Aktivitätsversicherung: Reparatur/Ersatz beschädigter oder zerstörter Sportgeräte, Übernahme von Rettungs- und Bergungskosten.
Auslandskrankenversicherung als optionaler Baustein der Reiseversicherung.
Telemedizinische Assistance jeden Tag rund um die Uhr Zugang zu einem deutschsprachigen Arzt.
Selbstbehalt wählbar: entweder 20 % des erstattungsfähigen Schadens, mindestens jedoch 25 EUR pro versicherte Person.
Schutz auch im Falle einer Infektion mit COVID 19 oder einem vergleichbaren Virus.
Übernahme der Kosten einer krankheitsbedingten Reiseverlängerung sowie die Umbuchungskosten Ihres Rückflugs – und das bis zu 3.500 Euro pro Person.
Greift im Falle einer Naturkatastrophe, wenn die Katastrophe Sie daran hindert, die Reise mit dem gebuchten Beförderungsunternehmen anzutreten und/oder die gewünschte Unterkunft am Reiseort zu beziehen, sofern Sie vom Veranstalter keinen Ersatz erhalten.


Create a table in a markdown format with three columns : Feature, arag, axa"
arag,axa,Rentenversicherung,"Product Name: ARAG Existenz-Schutz
Details: Finanzielle Unabhängigkeit durch vereinbarte monatliche Rente zur Ausgleichung von entgangenem Einkommen und Mehrkosten
Zuverlässiger Schutz nach Unfällen und bei schweren Erkrankungen, unabhängig von beruflichen Einschränkungen
Besonders geeignet für Berufseinsteiger ab 16 Jahren, Hausfrauen und -männer, Handwerker und Selbstständige
Zwei Varianten des Schutzes: Komfort und Premium, mit unterschiedlichen Leistungen und Unterstützungen
Monatliche Rente, praktische Hilfs- und Pflegeleistungen, Unterstützung bei Folgekosten wie Wohnungsumbau
Premiumvariante bietet zusätzlich Unterstützung durch einen Reha-Manager, Rentengarantie für Angehörige im Todesfall und zusätzliche Kapitalsofortleistung
Leistungen zur Sicherung des Lebensstandards, wie monatliche Rente nach Unfall, im Pflegefall, bei Organschäden oder Verlust von Grundfähigkeiten
Zusätzliche finanzielle Unterstützung bei Hauttransplantation und Krebserkrankung
Zusätzliche Leistungen zur Abfederung finanzieller Folgen eines schweren Unfalls oder einer Erkrankung, wie Behandlungskosten, Umbaukosten, Transportkosten, Unterstützung zur Kur und Erholung, Kinder- und Haustierbetreuung
Rechtliche Unterstützung bei Rechtsfragen rund um den Versicherungsfall, inklusive Rechtsschutz für Opfer von Gewaltstraftaten, Schadenersatz-Rechtsschutz und Patienten-Rechtsschutz
Renten- und Innovationsgarantie in der Premiumvariante
Persönlicher Reha-Manager in der Premiumvariante zur Unterstützung bei medizinischen Fragen, Pflegerentenanträgen, psychologischer Unterstützung und Neuordnung des Haushalts
Unabhängig von beruflicher Tätigkeit und geeignet für Personen, die sonst keine oder unzureichende Absicherung haben.","Product Name: Geldanlage
Details: Versicherungsschutz mit maximaler Flexibilität und für höchste Fahr-Ansprüche.
Kfz-Versicherung, Motorradversicherung, Elektroauto-Versicherung, Rollerversicherung, E-Scooter Versicherung, Oldtimer-Versicherung, Lieferwagen-Versicherung, Verkehrsrechtschutzversicherung, schadenservice360° Auto, Ratgeber Kfz.
Alle Haftpflichtversicherungen bieten einen wichtigen Schutz vor Schadenersatzforderungen, damit man nicht mit seinem Privatvermögen haften muss.
Private Haftpflichtversicherung, Tierhalterhaftpflicht-Versicherung, Bauherrenhaftpflicht-Versicherung, Haus- und Grundbesitzerhaftpflicht-Versicherung, Gewässerschadenhaftpflicht, Rechtsschutzversicherung, Waldversicherung, Ratgeber Haftpflichtversicherung.
Individueller Versicherungsschutz für Hab und Gut.
Hausratversicherung, Wohngebäudeversicherung, Elementarversicherung, Baufinanzierung, Bausparvertrag, Schadenservice Haus, Ratgeber Haus & Wohnung.
Erstklassige medizinische Versorgung.
Private Krankenversicherung, Auslandskrankenversicherung, Reiseversicherung, Pflegezusatzversicherung, Zahnzusatzversicherung, Ambulante Zusatzversicherung, Krankenhauszusatzversicherung, Krankentagegeld-Versicherung, Gesundheitsservice, Online-Arzt, Symptom-Check, Pflegewelt, Leitfaden für Privatpatienten, Ratgeber Krankenversicherung, Ratgeber Gesund leben, Ratgeber Pflege.
Private Rentenversicherung, Betriebliche Rentenversicherung, Geldanlage, Vermögenswirksame Leistungen, Ratgeber Altersvorsorge.
Berufsunfähigkeitsversicherung, Existenzschutzversicherung, Risikolebensversicherung, Unfallversicherung, Sterbegeldversicherung, Ratgeber Existenzsicherung.
Inhaltsversicherung, Betriebsgebäude, Transportversicherung, Autoinhaltsversicherung, Bauleistungsversicherung, Elektronikversicherung, Industrie Sachversicherung, Maschinenversicherung, Montageversicherung, Ertragsausfallversicherung, Betriebsschließungsversicherung, Praxisausfallversicherung.
Betriebshaftpflichtversicherung, Berufshaftpflichtversicherung, Veranstalterhaftpflicht, Industrie Haftpflichtversicherung, Vermögensschadenhaftpflichtversicherung, Vertrauensschadenversicherung, Verkehrshaftungsversicherung, IT-Unternehmen IT-Haftpflichtversicherung, Waldversicherung.
Kautionsversicherung, Zusatzinformationen Bürgschaft und Kaution, Kontakt Bürgschaft und Kaution.
Factoring, Firmenleasing.
Ganzheitliche Mitarbeiterabsicherung, Betriebliche Altersversorgung, Betriebliche Krankenversicherung, Internationale Krankenversicherung, Betriebliche Gruppenunfallversicherung.
Kfz-Flottenversicherung.
Cyber-Versicherung.
AXA International Services, Luftfahrtversicherung, Waldversicherung.
Gewerblicher Rechtsschutz.
Gewinnbringend und nachhaltig.
Relax Rente gegen Einmalbeitrag, Portfolio Plus Police, Geldanlage-Duo, Produktfinder für Ihre Geldanlage, Direkt in Fonds investieren, Investmentfonds, Portfolio Management, Vermögen aufbauen mit eigener Immobilie, Baufinanzierung, Bausparen, Informative Services zur Vorsorge, Investmentlösungen in unseren Vorsorgeprodukten, plan360 - Rundum-Beratung für mehr Sicherheit im Leben.
Product Name: Betriebliche Altersversorgung
Details: Motiviert Mitarbeiter durch betriebliche Zusatzleistungen
Bietet eine verlässliche Absicherung im Alter, bei Berufs- und Erwerbsunfähigkeit und im Todesfall
Bietet verschiedene Versorgungsstufen: Top Versorgung für Führungskräfte und Geschäftsleitung, Aufbauversorgung für Leistungsträger, Führungskräfte und Geschäftsleitung, Basisversorgung für alle Mitarbeiter und Geschäftsleitung
Finanzierungsmöglichkeiten durch Entgeltumwandlung, Arbeitgeberzuschuss zur Entgeltumwandlung, echtem Arbeitgeberbeitrag
Verschiedene Durchführungswege: Direktversicherung, Unterstützungskasse, Pensionszusage, Pensionsfonds
Berücksichtigt Neuregelungen durch das Betriebsrentenstärkungsgesetz
Bietet besondere Versorgungslösungen wie Versorgungswerke und Branchenlösungen
Unterstützt durch die Kölner Spezial Beratungs-GmbH für betriebliche Altersversorgung
Bietet weitere Produkte wie betriebliche Krankenversicherung, Internationale Krankenversicherung, Betriebliche Gruppenunfallversicherung.
Product Name: Private Rentenversicherung
Details: Kostenlose und unverbindliche 30-minütige Altersvorsorgeberatung
Individuelle Rentenlösung unter Einbezug von Alter, Einkommen und Zielen
Garantierte Leistungen und langfristige Sicherheit
Individuelle Gestaltungsmöglichkeiten und eine größere Flexibilität
Möglichkeit, den Rentenbeginn und damit den Auszahlungsbeginn flexibel zu gestalten
Wahl zwischen verschiedenen Auszahlungsformen: monatliche Rente, Einmalzahlung oder eine Kombination aus beiden
Zusätzlicher Schutz vor Altersarmut
Steuerliche Vorteile bei der privaten Rentenversicherung
Vererbbarkeit und Todesfall-Leistung
Möglichkeit,","Here's a comparison table in markdown format for the Rentenversicherung category between ARAG and AXA:

```markdown
| Feature                                                                 | ARAG Existenz-Schutz                                                                                                                                                                                                 | AXA Private Rentenversicherung                                                                                                         |
|-------------------------------------------------------------------------|----------------------------------------------------------------------------------------------------------------------------------------------------------------------------------------------------------------------|----------------------------------------------------------------------------------------------------------------------------------------|
| **Product Name**                                                        | ARAG Existenz-Schutz                                                                                                                                                                                                 | Private Rentenversicherung                                                                                                             |
| **Target Audience**                                                     | Berufseinsteiger ab 16 Jahren, Hausfrauen und -männer, Handwerker und Selbstständige                                                                                                                                 | Allgemein, individuell angepasst an Alter, Einkommen und Ziele                                                                          |
| **Protection Scope**                                                    | Unabhängig von beruflichen Einschränkungen, Schutz nach Unfällen und schweren Erkrankungen                                                                                                                           | Schutz vor Altersarmut, Absicherung im Alter, bei Berufs- und Erwerbsunfähigkeit und im Todesfall                                       |
| **Variants**                                                            | Komfort und Premium                                                                                                                                                                                                  | Individuelle Gestaltungsmöglichkeiten                                                                                                   |
| **Additional Benefits**                                                 | Reha-Manager, Rentengarantie für Angehörige, Kapitalsofortleistung, Unterstützung bei Folgekosten, rechtliche Unterstützung                                                                                          | Steuerliche Vorteile, Vererbbarkeit, Todesfall-Leistung                                                                                 |
| **Financial Support**                                                   | Monatliche Rente, praktische Hilfs- und Pflegeleistungen, Unterstützung bei Folgekosten wie Wohnungsumbau                                                                                                            | Garantierte Leistungen, Wahl zwischen monatlicher Rente, Einmalzahlung oder Kombination                                                 |
| **Special Features**                                                    | Renten- und Innovationsgarantie, persönlicher Reha-Manager, Unterstützung bei medizinischen Fragen, psychologischer Unterstützung                                                                                   | Kostenlose und unverbindliche 30-minütige Altersvorsorgeberatung                                                                        |
| **Flexibility**                                                         | Unabhängig von beruflicher Tätigkeit, geeignet für Personen ohne oder mit unzureichender Absicherung                                                                                                                 | Flexibler Rentenbeginn und Auszahlungsbeginn                                                                                             |
| **Legal Support**                                                       | Rechtsschutz für Opfer von Gewaltstraftaten, Schadenersatz-Rechtsschutz, Patienten-Rechtsschutz                                                                                                                      | -                                                                                                                                        |
| **Additional Coverage**                                                 | Unterstützung bei Hauttransplantation und Krebserkrankung, Kinder- und Haustierbetreuung                                                                                                                             | -                                                                                                                                        |
| **Premium Features**                                                    | Reha-Manager, Rentengarantie, Kapitalsofortleistung                                                                                                                                                                  | -                                                                                                                                        |
| **Consultation and Advice**                                             | -                                                                                                                                                                                                                    | Kostenlose Altersvorsorgeberatung                                                                                                        |
```

This table provides a structured comparison of the features offered by ARAG and AXA in the Rentenversicherung category.","Compare two companies : arag,  axa 
Given category : Rentenversicherung
arag information : Product Name: ARAG Existenz-Schutz
Details: Finanzielle Unabhängigkeit durch vereinbarte monatliche Rente zur Ausgleichung von entgangenem Einkommen und Mehrkosten
Zuverlässiger Schutz nach Unfällen und bei schweren Erkrankungen, unabhängig von beruflichen Einschränkungen
Besonders geeignet für Berufseinsteiger ab 16 Jahren, Hausfrauen und -männer, Handwerker und Selbstständige
Zwei Varianten des Schutzes: Komfort und Premium, mit unterschiedlichen Leistungen und Unterstützungen
Monatliche Rente, praktische Hilfs- und Pflegeleistungen, Unterstützung bei Folgekosten wie Wohnungsumbau
Premiumvariante bietet zusätzlich Unterstützung durch einen Reha-Manager, Rentengarantie für Angehörige im Todesfall und zusätzliche Kapitalsofortleistung
Leistungen zur Sicherung des Lebensstandards, wie monatliche Rente nach Unfall, im Pflegefall, bei Organschäden oder Verlust von Grundfähigkeiten
Zusätzliche finanzielle Unterstützung bei Hauttransplantation und Krebserkrankung
Zusätzliche Leistungen zur Abfederung finanzieller Folgen eines schweren Unfalls oder einer Erkrankung, wie Behandlungskosten, Umbaukosten, Transportkosten, Unterstützung zur Kur und Erholung, Kinder- und Haustierbetreuung
Rechtliche Unterstützung bei Rechtsfragen rund um den Versicherungsfall, inklusive Rechtsschutz für Opfer von Gewaltstraftaten, Schadenersatz-Rechtsschutz und Patienten-Rechtsschutz
Renten- und Innovationsgarantie in der Premiumvariante
Persönlicher Reha-Manager in der Premiumvariante zur Unterstützung bei medizinischen Fragen, Pflegerentenanträgen, psychologischer Unterstützung und Neuordnung des Haushalts
Unabhängig von beruflicher Tätigkeit und geeignet für Personen, die sonst keine oder unzureichende Absicherung haben.
axa information : Product Name: Geldanlage
Details: Versicherungsschutz mit maximaler Flexibilität und für höchste Fahr-Ansprüche.
Kfz-Versicherung, Motorradversicherung, Elektroauto-Versicherung, Rollerversicherung, E-Scooter Versicherung, Oldtimer-Versicherung, Lieferwagen-Versicherung, Verkehrsrechtschutzversicherung, schadenservice360° Auto, Ratgeber Kfz.
Alle Haftpflichtversicherungen bieten einen wichtigen Schutz vor Schadenersatzforderungen, damit man nicht mit seinem Privatvermögen haften muss.
Private Haftpflichtversicherung, Tierhalterhaftpflicht-Versicherung, Bauherrenhaftpflicht-Versicherung, Haus- und Grundbesitzerhaftpflicht-Versicherung, Gewässerschadenhaftpflicht, Rechtsschutzversicherung, Waldversicherung, Ratgeber Haftpflichtversicherung.
Individueller Versicherungsschutz für Hab und Gut.
Hausratversicherung, Wohngebäudeversicherung, Elementarversicherung, Baufinanzierung, Bausparvertrag, Schadenservice Haus, Ratgeber Haus & Wohnung.
Erstklassige medizinische Versorgung.
Private Krankenversicherung, Auslandskrankenversicherung, Reiseversicherung, Pflegezusatzversicherung, Zahnzusatzversicherung, Ambulante Zusatzversicherung, Krankenhauszusatzversicherung, Krankentagegeld-Versicherung, Gesundheitsservice, Online-Arzt, Symptom-Check, Pflegewelt, Leitfaden für Privatpatienten, Ratgeber Krankenversicherung, Ratgeber Gesund leben, Ratgeber Pflege.
Private Rentenversicherung, Betriebliche Rentenversicherung, Geldanlage, Vermögenswirksame Leistungen, Ratgeber Altersvorsorge.
Berufsunfähigkeitsversicherung, Existenzschutzversicherung, Risikolebensversicherung, Unfallversicherung, Sterbegeldversicherung, Ratgeber Existenzsicherung.
Inhaltsversicherung, Betriebsgebäude, Transportversicherung, Autoinhaltsversicherung, Bauleistungsversicherung, Elektronikversicherung, Industrie Sachversicherung, Maschinenversicherung, Montageversicherung, Ertragsausfallversicherung, Betriebsschließungsversicherung, Praxisausfallversicherung.
Betriebshaftpflichtversicherung, Berufshaftpflichtversicherung, Veranstalterhaftpflicht, Industrie Haftpflichtversicherung, Vermögensschadenhaftpflichtversicherung, Vertrauensschadenversicherung, Verkehrshaftungsversicherung, IT-Unternehmen IT-Haftpflichtversicherung, Waldversicherung.
Kautionsversicherung, Zusatzinformationen Bürgschaft und Kaution, Kontakt Bürgschaft und Kaution.
Factoring, Firmenleasing.
Ganzheitliche Mitarbeiterabsicherung, Betriebliche Altersversorgung, Betriebliche Krankenversicherung, Internationale Krankenversicherung, Betriebliche Gruppenunfallversicherung.
Kfz-Flottenversicherung.
Cyber-Versicherung.
AXA International Services, Luftfahrtversicherung, Waldversicherung.
Gewerblicher Rechtsschutz.
Gewinnbringend und nachhaltig.
Relax Rente gegen Einmalbeitrag, Portfolio Plus Police, Geldanlage-Duo, Produktfinder für Ihre Geldanlage, Direkt in Fonds investieren, Investmentfonds, Portfolio Management, Vermögen aufbauen mit eigener Immobilie, Baufinanzierung, Bausparen, Informative Services zur Vorsorge, Investmentlösungen in unseren Vorsorgeprodukten, plan360 - Rundum-Beratung für mehr Sicherheit im Leben.
Product Name: Betriebliche Altersversorgung
Details: Motiviert Mitarbeiter durch betriebliche Zusatzleistungen
Bietet eine verlässliche Absicherung im Alter, bei Berufs- und Erwerbsunfähigkeit und im Todesfall
Bietet verschiedene Versorgungsstufen: Top Versorgung für Führungskräfte und Geschäftsleitung, Aufbauversorgung für Leistungsträger, Führungskräfte und Geschäftsleitung, Basisversorgung für alle Mitarbeiter und Geschäftsleitung
Finanzierungsmöglichkeiten durch Entgeltumwandlung, Arbeitgeberzuschuss zur Entgeltumwandlung, echtem Arbeitgeberbeitrag
Verschiedene Durchführungswege: Direktversicherung, Unterstützungskasse, Pensionszusage, Pensionsfonds
Berücksichtigt Neuregelungen durch das Betriebsrentenstärkungsgesetz
Bietet besondere Versorgungslösungen wie Versorgungswerke und Branchenlösungen
Unterstützt durch die Kölner Spezial Beratungs-GmbH für betriebliche Altersversorgung
Bietet weitere Produkte wie betriebliche Krankenversicherung, Internationale Krankenversicherung, Betriebliche Gruppenunfallversicherung.
Product Name: Private Rentenversicherung
Details: Kostenlose und unverbindliche 30-minütige Altersvorsorgeberatung
Individuelle Rentenlösung unter Einbezug von Alter, Einkommen und Zielen
Garantierte Leistungen und langfristige Sicherheit
Individuelle Gestaltungsmöglichkeiten und eine größere Flexibilität
Möglichkeit, den Rentenbeginn und damit den Auszahlungsbeginn flexibel zu gestalten
Wahl zwischen verschiedenen Auszahlungsformen: monatliche Rente, Einmalzahlung oder eine Kombination aus beiden
Zusätzlicher Schutz vor Altersarmut
Steuerliche Vorteile bei der privaten Rentenversicherung
Vererbbarkeit und Todesfall-Leistung
Möglichkeit,


Create a table in a markdown format with three columns : Feature, arag, axa"
arag,axa,Gewerbeversicherung,"Product Name: Betriebliche Krankenversicherung
Details: Mehrfach geschützt mit nur einem Vertrag
Immer mit Firmenrechtsschutz – Betriebshaftpflicht und/oder Sachschutz nach Wahl
Zusatzschutz nach Bedarf – mit unseren hinzuwählbaren Bausteinen
Preisvorteil und Schadenfreiheitsrabatt inklusive
Nur ein Ansprechpartner für Ihre Vertragsangelegenheiten
Bis zu 50 Prozent Ersparnis bei Schadenfreiheit
Einfacher Versicherungswechsel, grundsätzlich ohne doppelte Kosten
Inklusive Rechtsschutz rund um die DSGVO
Zugriff auf eine umfassende Datenbank mit aktuellen Informationen und rechtlich geprüften Mustervorlagen für den Datenschutz mit dem ARAG Online Rechts-Service
Experten-Hotline für Ihre Fragen zum Thema Datenschutz
In der Premium-Variante auch mit WebCheck für Ihre Website
Rückwirkend: Ein zurückliegender Fall ist eingeschlossen
Sofort: Keine Wartezeit
Umfassend: Soforthilfe für einen Rechtsschutzfall Ihrer Wahl – unabhängig von den gewählten Leistungsbausteinen
Schützt vor Schadenersatzansprüchen und wehrt diese gegebenenfalls gerichtlich ab
Sichert Betriebsvermögen wirkungsvoll ab
Finanzielle Absicherung, falls Betrieb eine Zwangspause einlegen muss
Individuelle Lösungen für verschiedene Branchen
Schnelle Hilfe bei Online-Angriffen und finanzieller Schadenübernahme
Stellt IT-Spezialisten zur Verfügung
Schutz für transportierte Waren bei Unfällen oder Diebstahl
Unterstützt Mitarbeiter dabei, gesund und leistungsstark zu bleiben
Steigert die Zufriedenheit und Loyalität im Unternehmen und reduziert Fehlzeiten.
Product Name: ARAG Recht und Gewerbe Versicherungspaket
Details: Wertvoller Schutz für relevante Bereiche Ihrer selbstständigen Tätigkeit in einem einzigen Paket
Individuell kombinierbar: Der ARAG Rechtsschutz ist immer enthalten – Haftpflicht und/oder Sachschutz sowie weitere Bausteine nach Wahl
Preisvorteil und Schadenfreiheitsrabatt inklusive
Mehrfachschutz mit einem Vertrag
Sofort 20 Prozent Rabatt
Einfacher Versicherungswechsel
Die Bausteine im Versicherungspaket Recht und Gewerbe sind individuell wählbar
Komfort-Paket und Premium-Paket verfügbar
Ausgezeichnete Absicherung für Ihr Gewerbe
Ganzheitlicher, komfortabler und fairer Schutz
Rabattretter Option verfügbar
Keine Überversicherung bei bestehenden Versicherungen
Inklusive Rechtsschutz für Selbstständige, Sach-Schutz und Haftpflicht-Schutz
Versicherungsschutz bei Schäden durch Flugdrohnen, Asbest, Verlust fremder Schlüssel und Zugangskarten, Mietsachschäden an gemieteten Räumlichkeiten und an deren Ausstattung während Dienst- oder Geschäftsreisen
Versicherungsschutz bei Schäden durch Feuer, Einbruchdiebstahl, Vandalismus nach Einbruchdiebstahl, Leitungswasser und Sturm/Hagel
Versicherungsschutz bei Vermögensschäden aufgrund gesetzlicher Haftpflichtbestimmungen
24/7 Telefonische Anwaltsberatung und Anwalts-Chat
Konfliktlösung durch Mediation
Online-Forderungsmanagement inklusive Bonitätsprüfung von Kunden
Forderungsmanagement Plus bei streitigen Forderungen
Erweiterter Vertrags-Rechtsschutz für Hilfsgeschäfte
Rechtsschutz für die Generalunternehmerhaftung nach dem MiLoG (A)
Bauherren-Rechtsschutz
Vorversicherungsgarantie
Einmaliger Universal-Rechtsschutz für eine Beratung und außergerichtliche Vertretung
Wettbewerbs-Rechtsschutz
Patent- und Urheber-Rechtsschutz
Versicherungsschutz wegen Verschulden bei Vertragsverhandlungen, oder wegen der Nicht- oder Schlechterfüllung der vertraglichen Leistungspflicht, oder auf Schadenersatz wegen der Verletzung vertraglicher Nebenpflichten, oder aus Verzögerungsschäden, oder auf Schadenersatz wegen entgangener Gewinne, oder wegen immaterieller Schä","Product Name: Cyber-Versicherung
Details: Umfassender finanzieller Schutz gegen IT- und Cyber-Risiken vom Experten
Professionelle Hilfe im Krisenfall
24-Stunden-Hotline für die Einleitung von Sofortmaßnahmen nach einem Hacker-Angriff
Geeignet für kleinere Firmen und Freiberufler mit bis zu 5 Mio. Euro Umsatz
Bis zu 1 Mio. Euro Versicherungssumme
Selbstbeteiligung ab 500 Euro
Flexibles Angebot durch Zu- und Abwahl von Bausteinen (""Betriebsunterbrechung"", ""Ertragsausfallschäden"" oder ""Internet-Betrug"")
Vertragslaufzeit von 1 Jahr
Schutz vor einer Vielzahl von Schäden, einschließlich Hacker-Angriffen, Manipulation durch eigene Mitarbeiter, Ausfall von IT-Dienstleistern, Wirtschaftsspionage, Verletzung von Datenschutzgesetzen, Erpressung und Internet-Betrug
Kostenübernahme für Sachverständigen- und Beratungskosten, Wiederherstellung von Daten und Programmen, Austausch und Ersatz der Hardware, Abwendung oder Minderung des Reputationsschadens, Cyber-Haftpflichtschäden und Aufwendungen zur gesetzlich geforderten Information bei Datenschutzverletzungen
Unterstützung vor, während und nach einer Cyberattacke durch das Cyber-Awareness-Portal, die Datenschutz-Hotline, die IT-Dienstleister-Liste, die 24/7-Notfall-Hotline und ein spezialisiertes Cyber-Schadenteam bei AXA
Kostenlose Nutzung des Awareness-Portals für 6 Monate, anschließend vergünstigt
Möglichkeit zur Auslagerung der IT-Sicherheitsüberwachung an das Security Operations Center
Mitgliedschaft in Netzwerken von IT-Beratungsunternehmen und IT-Verbänden für eine verbesserte IT- und Informationssicherheit.
Product Name: Industrie Select Sach und Ertragsausfall Versicherung
Details: Maßgeschneiderte Absicherung für Unternehmen mit Vielseitigkeit, Leistungsstärke und weitreichendem Service
Individuelle und maßgeschneiderte Versicherungslösungen
Dezentrale Ansprechpartner
Globaler Versicherungsschutz aus einer Hand durch internationales Netzwerk
Kompetente Schaden- und Sachexpertise, professionelle Schadenregulierung und Soforthilfe im Schadenfall
Schadenprävention und kompetente Beratung in Sicherheitsfragen durch die AXA XL Risk Consulting
Schutz vor Schäden am betrieblichen Vermögen und den finanziellen Folgen einer Betriebsunterbrechung
Versicherung gegen eine Vielzahl von Gefahren, darunter Feuer, innere Unruhe, Fahrzeuganprall, Leitungswasser, Sturm und Hagel, Einbruchdiebstahl, Überschwemmung, Erdbeben, Erdsenkung und Erdrutsch, Schneedruck, Lawinen, Vulkanausbruch, Glasbruch und unbenannte Gefahren
Deckung von Kosten wie Aufräumungs- und Abbruchkosten, Bewegungs- und Schutzkosten, Schadenbekämpfungskosten, Wiederherstellungskosten von Geschäftsunterlagen, Mehrkosten durch behördliche Wiederherstellungsbeschränkungen, Mehrkosten durch Preissteigerungen, Sachverständigenkosten, Kosten für Dekontamination von Erdreich mit Ausdehnung auf Europa, Kosten für provisorische Sicherungsmaßnahmen, schadenbedingte Steuermehraufwendungen, Kosten für Verkehrssicherungsmaßnahmen, Kosten für die Beschleunigung der Schadenbehebung
Erstattung von Mehrkosten, die infolge der Betriebsunterbrechung entstehen, sowie Sachverständigenkosten und schadenbedingte Steuermehraufwendungen im Rahmen der Ertragsausfallversicherung
Zusatzbedingungen für die Versicherung von gewerblichen Immobilien (ZVGI) zur Erweiterung des Versicherungsschutzes bei der Gebäudeversicherung von Real-Estate-Portfolios
Möglichkeit zur Erweiterung der Versicherung durch die Industrie Select Haftpflichtversicherung.
Product Name: Elektronikversicherung
Details: Versicherungsschutz für moderne Technik wie digitale Telefonanlage, Computernetzwerk oder spezielle Apparate in der Arztpraxis.
Leistet bei unvorhersehbaren Sachschäden durch Bedienungsfehler, Ungeschicklichkeit oder Vorsatz Dritter sowie bei weiteren unvorhersehbaren Schadenereignissen z.B. durch Brand, Blitzschlag, Explosion, Kurzschluss oder Überspannung, Wasser, Feuchtigkeit, Überschwemmung, Abhandenkommen durch Diebstahl, Einbruchdiebstahl oder Raub.
Schutz gegen die finanziellen Folgen von Elektronikschäden.
Bietet eine Vielzahl an Erweiterungen zur Elektronikversicherung an, wie Elektronik-Softwareversicherung, Elektronik-Betriebsunterbrechungsversicherung und Elektronik-Mehrkostenversicherung.
Die Elektronik-Softwareversicherung versichert Aufwendungen für die Wiederherstellung von Daten und Programmen bei Verlust, Veränderungen oder Nichtverfügbarkeit von Daten und Programmen in Folge eines versicherten Sachschadens am Datenträger, oder infolge Bedienungsfehler, vorsätzlicher Programm- oder Datenänderungen durch Dritte in schädigender Absicht, Überspannung, elektrostatischer Aufladung, elektromagnetischer Störung oder höherer Gewalt.
Die Elektronik-Betriebsunterbrechungsversicherung versichert gegen Ertragsausfall (umsatzunabhängige Kosten und entgangener Betriebsgewinn), der bei einer Betriebsunterbrechung infolge eines versicherten Elektronikschadens entsteht.
Die Elektronik-Mehrkostenversicherung versichert zur Abdeckung von Kosten, die notwendig sind um eine Betriebsunterbrechung – aufgrund eines versicherten Elektronikschadens – zu vermeiden oder zu verkürzen. Versicherte Kosten sind z.B. Kosten für Leih- oder Ersatzgeräte.
Maßgeschneiderte Versicherungslösung für elektronische Geräte und Anlagen.
Bietet Schutz für kleine Betriebe, große Unternehmen oder Arztpraxen.
Kostenlose Hotline, E-Mail-Kontakt und Beratung vor Ort für weiterführende Fragen zur Elektronikversicherung.
Product Name: Internationale Versicherungsprogramme
Details: Individuelle und umfassende Versicherungslösungen mit weltweiten Deckungen und Betreuung vor Ort durch AXA International Services.
Globales Netzwerk von Auslandsgesellschaften mit Experten.
Jahrzehntelange Erfahrung im internationalen Versicherungsgeschäft.
Individueller Schutz durch verschiedene Versicherungsmodelle.
Finanzkraft und exzellente Ratings von AXA.
Zuverlässiger Rundum-Schutz.
Compliance: Versicherungsschutz wird in jedem Land von erfahrenen Teams unter Berücksichtigung der landesspezifischen Marktgegebenheiten und Vorschriften bereitgestellt.
Bedarfsgerecht versichert – leicht gemacht.
Internationales Netzwerk, eines der größten und bestetablierten internationalen Versicherungs-Netzwerke.
Expertise & Erfahrung: Fundiertes Know-how und langjährige Erfahrungen im internationalen Versicherungsgeschäft.
Finanzielle Stärke von AXA: Stabiler und dauerhafter Versicherungsschutz weltweit.
Integriertes internationales Versicherungsprogramm für alle Auslandsgesellschaften.
Versicherung der Auslandsgesellschaften durch eine lokale Police (Koordiniertes Programm).
Versicherung der Auslandsgesellschaften im Rahmen der deutschen Versicherungspolice (FOS).
Kompetenz und Erfahrung im internationalen Versicherungsgeschäft.
Jahrzehntelange Erfahrung in Underwriting und Schadenregulierung.
Internationales Netzwerk mit Underwritern, Schadenregulierern, Ingenieure, Brandschutzingenieure, Umweltberater, Geologen und Kapitäne weltweit.
Angebot des internationalem Programmgeschäftes in 218 Gebieten.
Empfehlung ausländischer Co-Broker auf Wunsch.
Kompetente Beratung im kompletten Firmen- und Industriegeschäft im Inland und Ausland.
Product Name: Bürgschafts- und Kautionsversicherung
Details: Versicherungsschutz mit maximaler Flexibilität und für höchste Fahr-Ansprüche.
Bietet wichtigen Schutz vor Schadenersatzforderungen, damit man nicht mit seinem Privatvermögen haften muss.
Individueller Versicherungsschutz für Hab und Gut.
Erstklassige medizinische Versorgung.
Private Rentenversicherung, Betriebliche Rentenversicherung, Geldanlage, Vermögenswirksame Leistungen.
Berufsunfähigkeitsversicherung, Existenzschutzversicherung, Risikolebensversicherung, Unfallversicherung, Sterbegeldversicherung.
Inhaltsversicherung, Betriebsgebäude, Transportversicherung, Autoinhaltsversicherung, Bauleistungsversicherung, Elektronikversicherung, Industrie Sachversicherung, Maschinenversicherung, Montageversicherung, Ertragsausfallversicherung, Betriebsschließungsversicherung, Praxisausfallversicherung.
Betriebshaftpflichtversicherung, Berufshaftpflichtversicherung, Veranstalterhaftpflicht, Industrie Haftpflichtversicherung, Vermögensschadenhaftpflichtversicherung, Vertrauensschadenversicherung, Verkehrshaftungsversicherung, IT-Unternehmen IT-Haftpflichtversicherung, Waldversicherung.
Kautionsversicherung, Zusatzinformationen Bürgschaft und Kaution, Kontakt Bürgschaft und Kaution.
Factoring, Firmenleasing.
Ganzheitliche Mitarbeiterabsicherung, Betriebliche Altersversorgung, Betriebliche Krankenversicherung, Internationale Krankenversicherung, Betriebliche Gruppenunfallversicherung.
Kfz-Flottenversicherung.
Cyber-Versicherung.
AXA International Services, Luftfahrtversicherung, Waldversicherung.
Gewerblicher Rechtsschutz.
Product Name: Profi-Schutz
Details: Maßgeschneiderte Versicherungen für Firmenkunden
Bietet die Möglichkeit, das eigene Versicherungspaket aus verschiedenen Produkten zusammenzustellen
Bedarfsgerechte Absicherung in den Bereichen Haftpflicht, Inhalt, Gebäude, Ertragsausfall, Mietausfall und Rechtsschutz
Branchenspezifische Deckungen
Berücksichtigung aller relevanten Risiken und Vermeidung von überflüssigen Deckungen
Produkt-Rabatt, je nach Anzahl der abgeschlossenen Produkte aus dem Profi-Schutz-Konzept
Komfort-Klausel in der Sach- und Haftpflichtversicherung: Verbesserungen der versicherten Leistungen können jederzeit in Anspruch genommen werden
Betriebshaftpflichtversicherung: umfassender Schutz gegen Schadenersatzansprüche Dritter im geschäftlichen Umfeld
Inhaltsversicherung: Schutz der Inneneinrichtung und Ausstattung der Geschäftsräume
Gebäudeversicherung: Absicherung vor Schäden durch Feuer, Leitungswasser, Sturm und Hagel sowie vor Elementargefahren und böswillige Beschädigung
Ertragsausfallversicherung: Schutz gegen die finanziellen Folgen einer Betriebsunterbrechung
Mietausfallversicherung: Schutz vor finanziellen Einbußen, wenn der Mieter aufgrund eines Sachschadens nur eine gekürzte oder gar keine Miete zahlt
Rechtsschutzversicherung: optimale Grundversorgung für Unternehmen und freie Berufe
Rabatt auf die einzelnen Produkte, abhängig von der Anzahl der abgeschlossenen Produkte aus dem Profi-Schutz Paket
Kostenlose Hotline, E-Mail-Kontakt und Beratung vor Ort für weiterführende Fragen zum Profi-Schutz.","Below is a markdown table comparing the features of ARAG and AXA in the category of Gewerbeversicherung:

```markdown
| Feature                                                                 | ARAG","Compare two companies : arag,  axa 
Given category : Gewerbeversicherung
arag information : Product Name: Betriebliche Krankenversicherung
Details: Mehrfach geschützt mit nur einem Vertrag
Immer mit Firmenrechtsschutz – Betriebshaftpflicht und/oder Sachschutz nach Wahl
Zusatzschutz nach Bedarf – mit unseren hinzuwählbaren Bausteinen
Preisvorteil und Schadenfreiheitsrabatt inklusive
Nur ein Ansprechpartner für Ihre Vertragsangelegenheiten
Bis zu 50 Prozent Ersparnis bei Schadenfreiheit
Einfacher Versicherungswechsel, grundsätzlich ohne doppelte Kosten
Inklusive Rechtsschutz rund um die DSGVO
Zugriff auf eine umfassende Datenbank mit aktuellen Informationen und rechtlich geprüften Mustervorlagen für den Datenschutz mit dem ARAG Online Rechts-Service
Experten-Hotline für Ihre Fragen zum Thema Datenschutz
In der Premium-Variante auch mit WebCheck für Ihre Website
Rückwirkend: Ein zurückliegender Fall ist eingeschlossen
Sofort: Keine Wartezeit
Umfassend: Soforthilfe für einen Rechtsschutzfall Ihrer Wahl – unabhängig von den gewählten Leistungsbausteinen
Schützt vor Schadenersatzansprüchen und wehrt diese gegebenenfalls gerichtlich ab
Sichert Betriebsvermögen wirkungsvoll ab
Finanzielle Absicherung, falls Betrieb eine Zwangspause einlegen muss
Individuelle Lösungen für verschiedene Branchen
Schnelle Hilfe bei Online-Angriffen und finanzieller Schadenübernahme
Stellt IT-Spezialisten zur Verfügung
Schutz für transportierte Waren bei Unfällen oder Diebstahl
Unterstützt Mitarbeiter dabei, gesund und leistungsstark zu bleiben
Steigert die Zufriedenheit und Loyalität im Unternehmen und reduziert Fehlzeiten.
Product Name: ARAG Recht und Gewerbe Versicherungspaket
Details: Wertvoller Schutz für relevante Bereiche Ihrer selbstständigen Tätigkeit in einem einzigen Paket
Individuell kombinierbar: Der ARAG Rechtsschutz ist immer enthalten – Haftpflicht und/oder Sachschutz sowie weitere Bausteine nach Wahl
Preisvorteil und Schadenfreiheitsrabatt inklusive
Mehrfachschutz mit einem Vertrag
Sofort 20 Prozent Rabatt
Einfacher Versicherungswechsel
Die Bausteine im Versicherungspaket Recht und Gewerbe sind individuell wählbar
Komfort-Paket und Premium-Paket verfügbar
Ausgezeichnete Absicherung für Ihr Gewerbe
Ganzheitlicher, komfortabler und fairer Schutz
Rabattretter Option verfügbar
Keine Überversicherung bei bestehenden Versicherungen
Inklusive Rechtsschutz für Selbstständige, Sach-Schutz und Haftpflicht-Schutz
Versicherungsschutz bei Schäden durch Flugdrohnen, Asbest, Verlust fremder Schlüssel und Zugangskarten, Mietsachschäden an gemieteten Räumlichkeiten und an deren Ausstattung während Dienst- oder Geschäftsreisen
Versicherungsschutz bei Schäden durch Feuer, Einbruchdiebstahl, Vandalismus nach Einbruchdiebstahl, Leitungswasser und Sturm/Hagel
Versicherungsschutz bei Vermögensschäden aufgrund gesetzlicher Haftpflichtbestimmungen
24/7 Telefonische Anwaltsberatung und Anwalts-Chat
Konfliktlösung durch Mediation
Online-Forderungsmanagement inklusive Bonitätsprüfung von Kunden
Forderungsmanagement Plus bei streitigen Forderungen
Erweiterter Vertrags-Rechtsschutz für Hilfsgeschäfte
Rechtsschutz für die Generalunternehmerhaftung nach dem MiLoG (A)
Bauherren-Rechtsschutz
Vorversicherungsgarantie
Einmaliger Universal-Rechtsschutz für eine Beratung und außergerichtliche Vertretung
Wettbewerbs-Rechtsschutz
Patent- und Urheber-Rechtsschutz
Versicherungsschutz wegen Verschulden bei Vertragsverhandlungen, oder wegen der Nicht- oder Schlechterfüllung der vertraglichen Leistungspflicht, oder auf Schadenersatz wegen der Verletzung vertraglicher Nebenpflichten, oder aus Verzögerungsschäden, oder auf Schadenersatz wegen entgangener Gewinne, oder wegen immaterieller Schä
axa information : Product Name: Cyber-Versicherung
Details: Umfassender finanzieller Schutz gegen IT- und Cyber-Risiken vom Experten
Professionelle Hilfe im Krisenfall
24-Stunden-Hotline für die Einleitung von Sofortmaßnahmen nach einem Hacker-Angriff
Geeignet für kleinere Firmen und Freiberufler mit bis zu 5 Mio. Euro Umsatz
Bis zu 1 Mio. Euro Versicherungssumme
Selbstbeteiligung ab 500 Euro
Flexibles Angebot durch Zu- und Abwahl von Bausteinen (""Betriebsunterbrechung"", ""Ertragsausfallschäden"" oder ""Internet-Betrug"")
Vertragslaufzeit von 1 Jahr
Schutz vor einer Vielzahl von Schäden, einschließlich Hacker-Angriffen, Manipulation durch eigene Mitarbeiter, Ausfall von IT-Dienstleistern, Wirtschaftsspionage, Verletzung von Datenschutzgesetzen, Erpressung und Internet-Betrug
Kostenübernahme für Sachverständigen- und Beratungskosten, Wiederherstellung von Daten und Programmen, Austausch und Ersatz der Hardware, Abwendung oder Minderung des Reputationsschadens, Cyber-Haftpflichtschäden und Aufwendungen zur gesetzlich geforderten Information bei Datenschutzverletzungen
Unterstützung vor, während und nach einer Cyberattacke durch das Cyber-Awareness-Portal, die Datenschutz-Hotline, die IT-Dienstleister-Liste, die 24/7-Notfall-Hotline und ein spezialisiertes Cyber-Schadenteam bei AXA
Kostenlose Nutzung des Awareness-Portals für 6 Monate, anschließend vergünstigt
Möglichkeit zur Auslagerung der IT-Sicherheitsüberwachung an das Security Operations Center
Mitgliedschaft in Netzwerken von IT-Beratungsunternehmen und IT-Verbänden für eine verbesserte IT- und Informationssicherheit.
Product Name: Industrie Select Sach und Ertragsausfall Versicherung
Details: Maßgeschneiderte Absicherung für Unternehmen mit Vielseitigkeit, Leistungsstärke und weitreichendem Service
Individuelle und maßgeschneiderte Versicherungslösungen
Dezentrale Ansprechpartner
Globaler Versicherungsschutz aus einer Hand durch internationales Netzwerk
Kompetente Schaden- und Sachexpertise, professionelle Schadenregulierung und Soforthilfe im Schadenfall
Schadenprävention und kompetente Beratung in Sicherheitsfragen durch die AXA XL Risk Consulting
Schutz vor Schäden am betrieblichen Vermögen und den finanziellen Folgen einer Betriebsunterbrechung
Versicherung gegen eine Vielzahl von Gefahren, darunter Feuer, innere Unruhe, Fahrzeuganprall, Leitungswasser, Sturm und Hagel, Einbruchdiebstahl, Überschwemmung, Erdbeben, Erdsenkung und Erdrutsch, Schneedruck, Lawinen, Vulkanausbruch, Glasbruch und unbenannte Gefahren
Deckung von Kosten wie Aufräumungs- und Abbruchkosten, Bewegungs- und Schutzkosten, Schadenbekämpfungskosten, Wiederherstellungskosten von Geschäftsunterlagen, Mehrkosten durch behördliche Wiederherstellungsbeschränkungen, Mehrkosten durch Preissteigerungen, Sachverständigenkosten, Kosten für Dekontamination von Erdreich mit Ausdehnung auf Europa, Kosten für provisorische Sicherungsmaßnahmen, schadenbedingte Steuermehraufwendungen, Kosten für Verkehrssicherungsmaßnahmen, Kosten für die Beschleunigung der Schadenbehebung
Erstattung von Mehrkosten, die infolge der Betriebsunterbrechung entstehen, sowie Sachverständigenkosten und schadenbedingte Steuermehraufwendungen im Rahmen der Ertragsausfallversicherung
Zusatzbedingungen für die Versicherung von gewerblichen Immobilien (ZVGI) zur Erweiterung des Versicherungsschutzes bei der Gebäudeversicherung von Real-Estate-Portfolios
Möglichkeit zur Erweiterung der Versicherung durch die Industrie Select Haftpflichtversicherung.
Product Name: Elektronikversicherung
Details: Versicherungsschutz für moderne Technik wie digitale Telefonanlage, Computernetzwerk oder spezielle Apparate in der Arztpraxis.
Leistet bei unvorhersehbaren Sachschäden durch Bedienungsfehler, Ungeschicklichkeit oder Vorsatz Dritter sowie bei weiteren unvorhersehbaren Schadenereignissen z.B. durch Brand, Blitzschlag, Explosion, Kurzschluss oder Überspannung, Wasser, Feuchtigkeit, Überschwemmung, Abhandenkommen durch Diebstahl, Einbruchdiebstahl oder Raub.
Schutz gegen die finanziellen Folgen von Elektronikschäden.
Bietet eine Vielzahl an Erweiterungen zur Elektronikversicherung an, wie Elektronik-Softwareversicherung, Elektronik-Betriebsunterbrechungsversicherung und Elektronik-Mehrkostenversicherung.
Die Elektronik-Softwareversicherung versichert Aufwendungen für die Wiederherstellung von Daten und Programmen bei Verlust, Veränderungen oder Nichtverfügbarkeit von Daten und Programmen in Folge eines versicherten Sachschadens am Datenträger, oder infolge Bedienungsfehler, vorsätzlicher Programm- oder Datenänderungen durch Dritte in schädigender Absicht, Überspannung, elektrostatischer Aufladung, elektromagnetischer Störung oder höherer Gewalt.
Die Elektronik-Betriebsunterbrechungsversicherung versichert gegen Ertragsausfall (umsatzunabhängige Kosten und entgangener Betriebsgewinn), der bei einer Betriebsunterbrechung infolge eines versicherten Elektronikschadens entsteht.
Die Elektronik-Mehrkostenversicherung versichert zur Abdeckung von Kosten, die notwendig sind um eine Betriebsunterbrechung – aufgrund eines versicherten Elektronikschadens – zu vermeiden oder zu verkürzen. Versicherte Kosten sind z.B. Kosten für Leih- oder Ersatzgeräte.
Maßgeschneiderte Versicherungslösung für elektronische Geräte und Anlagen.
Bietet Schutz für kleine Betriebe, große Unternehmen oder Arztpraxen.
Kostenlose Hotline, E-Mail-Kontakt und Beratung vor Ort für weiterführende Fragen zur Elektronikversicherung.
Product Name: Internationale Versicherungsprogramme
Details: Individuelle und umfassende Versicherungslösungen mit weltweiten Deckungen und Betreuung vor Ort durch AXA International Services.
Globales Netzwerk von Auslandsgesellschaften mit Experten.
Jahrzehntelange Erfahrung im internationalen Versicherungsgeschäft.
Individueller Schutz durch verschiedene Versicherungsmodelle.
Finanzkraft und exzellente Ratings von AXA.
Zuverlässiger Rundum-Schutz.
Compliance: Versicherungsschutz wird in jedem Land von erfahrenen Teams unter Berücksichtigung der landesspezifischen Marktgegebenheiten und Vorschriften bereitgestellt.
Bedarfsgerecht versichert – leicht gemacht.
Internationales Netzwerk, eines der größten und bestetablierten internationalen Versicherungs-Netzwerke.
Expertise & Erfahrung: Fundiertes Know-how und langjährige Erfahrungen im internationalen Versicherungsgeschäft.
Finanzielle Stärke von AXA: Stabiler und dauerhafter Versicherungsschutz weltweit.
Integriertes internationales Versicherungsprogramm für alle Auslandsgesellschaften.
Versicherung der Auslandsgesellschaften durch eine lokale Police (Koordiniertes Programm).
Versicherung der Auslandsgesellschaften im Rahmen der deutschen Versicherungspolice (FOS).
Kompetenz und Erfahrung im internationalen Versicherungsgeschäft.
Jahrzehntelange Erfahrung in Underwriting und Schadenregulierung.
Internationales Netzwerk mit Underwritern, Schadenregulierern, Ingenieure, Brandschutzingenieure, Umweltberater, Geologen und Kapitäne weltweit.
Angebot des internationalem Programmgeschäftes in 218 Gebieten.
Empfehlung ausländischer Co-Broker auf Wunsch.
Kompetente Beratung im kompletten Firmen- und Industriegeschäft im Inland und Ausland.
Product Name: Bürgschafts- und Kautionsversicherung
Details: Versicherungsschutz mit maximaler Flexibilität und für höchste Fahr-Ansprüche.
Bietet wichtigen Schutz vor Schadenersatzforderungen, damit man nicht mit seinem Privatvermögen haften muss.
Individueller Versicherungsschutz für Hab und Gut.
Erstklassige medizinische Versorgung.
Private Rentenversicherung, Betriebliche Rentenversicherung, Geldanlage, Vermögenswirksame Leistungen.
Berufsunfähigkeitsversicherung, Existenzschutzversicherung, Risikolebensversicherung, Unfallversicherung, Sterbegeldversicherung.
Inhaltsversicherung, Betriebsgebäude, Transportversicherung, Autoinhaltsversicherung, Bauleistungsversicherung, Elektronikversicherung, Industrie Sachversicherung, Maschinenversicherung, Montageversicherung, Ertragsausfallversicherung, Betriebsschließungsversicherung, Praxisausfallversicherung.
Betriebshaftpflichtversicherung, Berufshaftpflichtversicherung, Veranstalterhaftpflicht, Industrie Haftpflichtversicherung, Vermögensschadenhaftpflichtversicherung, Vertrauensschadenversicherung, Verkehrshaftungsversicherung, IT-Unternehmen IT-Haftpflichtversicherung, Waldversicherung.
Kautionsversicherung, Zusatzinformationen Bürgschaft und Kaution, Kontakt Bürgschaft und Kaution.
Factoring, Firmenleasing.
Ganzheitliche Mitarbeiterabsicherung, Betriebliche Altersversorgung, Betriebliche Krankenversicherung, Internationale Krankenversicherung, Betriebliche Gruppenunfallversicherung.
Kfz-Flottenversicherung.
Cyber-Versicherung.
AXA International Services, Luftfahrtversicherung, Waldversicherung.
Gewerblicher Rechtsschutz.
Product Name: Profi-Schutz
Details: Maßgeschneiderte Versicherungen für Firmenkunden
Bietet die Möglichkeit, das eigene Versicherungspaket aus verschiedenen Produkten zusammenzustellen
Bedarfsgerechte Absicherung in den Bereichen Haftpflicht, Inhalt, Gebäude, Ertragsausfall, Mietausfall und Rechtsschutz
Branchenspezifische Deckungen
Berücksichtigung aller relevanten Risiken und Vermeidung von überflüssigen Deckungen
Produkt-Rabatt, je nach Anzahl der abgeschlossenen Produkte aus dem Profi-Schutz-Konzept
Komfort-Klausel in der Sach- und Haftpflichtversicherung: Verbesserungen der versicherten Leistungen können jederzeit in Anspruch genommen werden
Betriebshaftpflichtversicherung: umfassender Schutz gegen Schadenersatzansprüche Dritter im geschäftlichen Umfeld
Inhaltsversicherung: Schutz der Inneneinrichtung und Ausstattung der Geschäftsräume
Gebäudeversicherung: Absicherung vor Schäden durch Feuer, Leitungswasser, Sturm und Hagel sowie vor Elementargefahren und böswillige Beschädigung
Ertragsausfallversicherung: Schutz gegen die finanziellen Folgen einer Betriebsunterbrechung
Mietausfallversicherung: Schutz vor finanziellen Einbußen, wenn der Mieter aufgrund eines Sachschadens nur eine gekürzte oder gar keine Miete zahlt
Rechtsschutzversicherung: optimale Grundversorgung für Unternehmen und freie Berufe
Rabatt auf die einzelnen Produkte, abhängig von der Anzahl der abgeschlossenen Produkte aus dem Profi-Schutz Paket
Kostenlose Hotline, E-Mail-Kontakt und Beratung vor Ort für weiterführende Fragen zum Profi-Schutz.


Create a table in a markdown format with three columns : Feature, arag, axa"
